Temperature,Experimental Group,Use Case,Sentence,Objective,Pattern,Accuracy,Min,Max,Precision,Count
UCR26a,control,UC1-Health,1.0,ia,2.0,0.7175787647565206,0.7027596235275269,0.868488609790802,0.9582194840244125,15
UCR26a,control,UC1-Health,2.0,ay,2.0,0.8429561853408813,0.8429561853408813,0.8429561853408813,,1
UCR26a,control,UC1-Health,2.0,ia,2.0,0.590071361640404,0.5402845144271851,0.6461326479911804,0.9499862831068562,29
UCR26a,control,UC1-Health,3.0,ay,1.0,0.9665565490722656,0.9665565490722656,0.9665565490722656,1.0,15
UCR26a,control,UC1-Health,3.0,c,1.0,0.975000873208046,0.974605917930603,0.9751325249671936,0.9997562283104214,8
UCR26a,control,UC1-Health,3.0,i,2.0,0.7022463764463153,0.6942328214645386,0.7087501287460327,0.9928345018622983,14
UCR26a,control,UC1-Health,3.0,pr,1.0,0.8752074241638184,0.8752074241638184,0.8752074241638184,1.0,2
UCR26a,control,UC1-Health,4.0,ay,1.0,0.9761541247367859,0.9724218845367432,0.9805954098701477,0.9965358784826288,5
UCR26a,control,UC1-Health,5.0,ay,1.0,0.9205711881319681,0.9063571691513062,0.9331826567649841,0.9939977908606814,15
UCR26a,control,UC1-Health,5.0,c,1.0,0.9367930889129639,0.9367930889129639,0.9367930889129639,,1
UCR26a,control,UC1-Health,5.0,i,2.0,0.7945977399746577,0.6190080642700195,0.8510828614234924,0.9306922171235191,24
UCR26a,control,UC1-Health,6.0,ay,1.0,0.9312589509146554,0.9304131269454956,0.9380829930305481,0.997915383405221,14
UCR26a,control,UC1-Health,6.0,i,2.0,0.8165608644485474,0.8165608644485474,0.8165608644485474,1.0,2
UCR26a,control,UC1-Health,7.0,ay,1.0,0.9228282451629639,0.9157054424285889,0.9251714944839478,0.9963102562456225,15
UCR26a,control,UC1-Health,7.0,i,2.0,0.7781899213790894,0.6999713182449341,0.9138004779815674,0.9228423460215105,75
UCR26a,control,UC1-Health,8.0,ay,1.0,0.9600383996963501,0.960016131401062,0.9603501558303833,0.9999137552632008,15
UCR26a,control,UC1-Health,8.0,c,1.0,0.998067632317543,0.9973964095115662,0.9982913732528687,0.9995525181293488,4
UCR26a,control,UC1-Health,8.0,i,2.0,0.9323069453239441,0.9323069453239441,0.9323069453239441,1.0,15
UCR26a,control,UC1-Health,9.0,ay,1.0,0.9152530113855998,0.8508710861206055,0.9622905254364014,0.9691054790522513,30
UCR26a,control,UC1-Health,9.0,c,1.0,0.9441367363929749,0.7941011190414429,0.9970553517341614,0.913421071766283,25
UCR26a,control,UC1-Health,9.0,i,3.0,0.8642194271087646,0.8369916081428528,0.9012788534164429,0.9848634160234143,15
UCR26a,control,UC1-Health,10.0,c,1.0,0.9191646734873454,0.8228700757026672,0.9832546710968018,0.9328779312849759,15
UCR26a,control,UC1-Mobile,1.0,ay,1.0,0.9137567440668742,0.7611250877380371,0.9268916845321655,0.9576939518471765,15
UCR26a,control,UC1-Mobile,1.0,c,1.0,0.9285288266837597,0.7319183945655823,0.9500658512115479,0.9430634312459438,16
UCR26a,control,UC1-Mobile,1.0,i,2.0,0.7607003688812256,0.6742885708808899,0.8560558557510376,0.9288940486120747,15
UCR26a,control,UC1-Mobile,1.0,ia,2.0,0.4425038576126099,0.4277790188789368,0.522161602973938,0.9719699776665052,15
UCR26a,control,UC1-Mobile,2.0,ay,1.0,0.9576580206553141,0.9528296589851379,0.959621012210846,0.9979763468410093,15
UCR26a,control,UC1-Mobile,2.0,c,1.0,0.9993261098861694,0.9993261098861694,0.9993261098861694,1.0,15
UCR26a,control,UC1-Mobile,2.0,ia,2.0,0.42473436594009406,0.4234142899513245,0.4300146698951721,0.9972671830733061,15
UCR26a,control,UC1-Mobile,3.0,ay,1.0,0.8679197470347086,0.7840597629547119,0.8772388696670532,0.9761893335962233,15
UCR26a,control,UC1-Mobile,3.0,c,1.0,0.7413277250749094,0.6580274105072021,0.8523967266082764,0.9343720528119539,27
UCR26a,control,UC1-Mobile,3.0,i,2.0,0.7126786492087624,0.4188048839569092,0.7965430021286011,0.9216707493115374,22
UCR26a,control,UC1-Mobile,3.0,ia,2.0,0.5099275588989258,0.4933748841285706,0.5444637537002563,0.9757090880827661,15
UCR26a,control,UC1-Mobile,4.0,ay,1.0,0.9270920475323995,0.9164714813232422,0.9620553255081177,0.9890112872905761,15
UCR26a,control,UC1-Mobile,4.0,c,1.0,0.73759835296207,0.6052817106246948,0.8585280776023865,0.9276524769213186,27
UCR26a,control,UC1-Mobile,4.0,i,2.0,0.7464530343810717,0.5953817367553711,0.9085738658905029,0.9242318971197871,24
UCR26a,control,UC1-Mobile,4.0,ia,2.0,0.5040566444396973,0.4933748841285706,0.5444637537002563,0.9801101231252386,15
UCR26a,control,UC1-Mobile,5.0,ay,1.0,0.9605143149693807,0.908291220664978,0.9698672890663147,0.97925797520796,15
UCR26a,control,UC1-Mobile,5.0,c,1.0,0.8576986337530201,0.6865887641906738,0.9592326879501343,0.8983972278759385,29
UCR26a,control,UC1-Mobile,5.0,i,2.0,0.8045004804929098,0.6917209029197693,0.9583951234817505,0.9240255458293105,15
UCR26a,control,UC1-Mobile,5.0,ia,2.0,0.5042302012443542,0.4666616320610046,0.530379056930542,0.9867638283102682,15
UCR26a,control,UC1-Mobile,6.0,ay,3.0,0.740407624414989,0.6661679744720459,0.7888191938400269,0.949069746398443,14
UCR26a,control,UC1-Mobile,6.0,c,1.0,0.7662203311920166,0.7422494888305664,0.7901911735534668,0.9661001096309296,2
UCR26a,control,UC1-Mobile,7.0,c,1.0,0.7812847519914309,0.7396540641784668,0.8242297768592834,0.9627891441054472,24
UCR26a,control,UC1-Mobile,8.0,ay,1.0,0.9713320573170979,0.9436967372894287,0.9825749397277832,0.983725848590135,15
UCR26a,control,UC1-Mobile,8.0,c,1.0,0.8856017390886942,0.840853750705719,0.9440476298332214,0.9578053116527039,18
UCR26a,control,UC1-Mobile,9.0,ay,1.0,0.9513350576162338,0.9151851534843445,0.9597945213317871,0.9852932901010514,8
UCR26a,control,UC1-Mobile,9.0,c,1.0,0.7526084303855896,0.7087236642837524,0.8623952269554138,0.9323447222667309,5
UCR26a,control,UC2-Health,1.0,c,1.0,0.9505321542421977,0.9020504951477051,0.9576830863952637,0.9811135946650816,15
UCR26a,control,UC2-Health,2.0,ay,1.0,0.8975616137186686,0.8823935389518738,0.9020441174507141,0.9918685007027522,15
UCR26a,control,UC2-Health,3.0,ay,1.0,0.8504157781600952,0.8399749994277954,0.8599044680595398,0.9915717136174795,15
UCR26a,control,UC2-Health,3.0,c,1.0,0.8322383165359497,0.8322383165359497,0.8322383165359497,1.0,15
UCR26a,control,UC2-Health,3.0,pr,1.0,0.8602217435836792,0.8602217435836792,0.8602217435836792,1.0,2
UCR26a,control,UC2-Health,4.0,ay,1.0,0.8311603188514709,0.8247527480125427,0.8386523723602295,0.9961700602310887,15
UCR26a,control,UC2-Health,4.0,c,1.0,0.8550043225288391,0.854947030544281,0.8550425171852112,0.9999515794354888,15
UCR26a,control,UC2-Health,5.0,ay,1.0,0.880678403377533,0.8166259527206421,0.9149495363235474,0.9733110630777924,15
UCR26a,control,UC2-Health,5.0,c,1.0,0.9435164630413055,0.9108283519744873,0.9762045741081238,0.9667530773249305,30
UCR26a,control,UC2-Health,5.0,pr,1.0,0.9927911460399628,0.9890785813331604,0.994345486164093,0.9979634941239266,6
UCR26a,control,UC2-Health,6.0,ay,1.0,0.8731323480606079,0.846647322177887,0.8889532685279846,0.9858554941740408,15
UCR26a,control,UC2-Health,6.0,c,1.0,0.9324783325195313,0.9278432130813599,0.9328094124794006,0.9987177328291629,15
UCR26a,control,UC2-Health,8.0,ay,1.0,0.8816765626271565,0.8629510402679443,0.9021072387695312,0.9825316622584044,15
UCR26a,control,UC2-Health,8.0,c,1.0,0.9869948148727417,0.986894965171814,0.987643837928772,0.999736497306791,15
UCR26a,control,UC2-Health,9.0,a,1.0,0.7112957239151001,0.7112957239151001,0.7112957239151001,,1
UCR26a,control,UC2-Health,9.0,ay,1.0,0.8845260262489318,0.8785096406936646,0.8894575834274292,0.997125133737794,15
UCR26a,control,UC2-Health,9.0,c,1.0,0.973278284072876,0.973278284072876,0.973278284072876,1.0,15
UCR26a,control,UC2-Health,9.0,pr,1.0,0.832568883895874,0.832568883895874,0.832568883895874,,1
UCR26a,control,UC2-Mobile,1.0,ay,1.0,0.9581399440765381,0.955052375793457,0.9598549604415894,0.9984279207225886,15
UCR26a,control,UC2-Mobile,1.0,c,1.0,0.9715481281280518,0.9587492942810059,0.9907463788986206,0.9837745166779087,15
UCR26a,control,UC2-Mobile,1.0,ia,2.0,0.7827428579330444,0.7615841627120972,0.8024699687957764,0.9816688830706201,15
UCR26a,control,UC2-Mobile,2.0,c,1.0,0.9948875904083252,0.9948875904083252,0.9948875904083252,1.0,15
UCR26a,control,UC2-Mobile,2.0,i,2.0,0.5547350719571114,0.5059703588485718,0.6140190362930298,0.9573176439218426,8
UCR26a,control,UC2-Mobile,2.0,ia,2.0,0.7930360436439514,0.7930360436439514,0.7930360436439514,1.0,15
UCR26a,control,UC2-Mobile,3.0,c,1.0,0.995016344388326,0.9948875904083252,0.9968189001083374,0.999501337979699,15
UCR26a,control,UC2-Mobile,3.0,i,2.0,0.5634390314420065,0.4472163915634155,0.6282457113265991,0.9397237360904961,9
UCR26a,control,UC2-Mobile,3.0,ia,2.0,0.7930360436439514,0.7930360436439514,0.7930360436439514,1.0,15
UCR26a,control,UC2-Mobile,4.0,ay,1.0,0.9017529447873434,0.90171217918396,0.9023236632347107,0.9998421154969981,15
UCR26a,control,UC2-Mobile,4.0,c,1.0,0.9884764552116394,0.9884764552116394,0.9884764552116394,1.0,15
UCR26a,control,UC2-Mobile,4.0,ia,2.0,0.6332541942596436,0.6240397095680237,0.6695793271064758,0.9851769674939598,15
UCR26a,control,UC2-Mobile,5.0,ay,3.0,0.6926768101178683,0.6661679744720459,0.7888191938400269,0.9682391077121851,13
UCR26a,control,UC2-Mobile,5.0,c,1.0,0.7901911735534668,0.7901911735534668,0.7901911735534668,1.0,3
UCR26a,control,UC2-Mobile,6.0,c,1.0,0.7802996337413788,0.7501022815704346,0.810496985912323,0.9572944950120941,2
UCR26a,control,UC2-Mobile,7.0,ay,3.0,0.7046391725540161,0.6903588771820068,0.714159369468689,0.9869639334948564,5
UCR26a,control,UC2-Mobile,7.0,c,1.0,0.9446330937472257,0.9001748561859131,0.9903532862663269,0.979056664553544,11
UCR26a,control,UC2-Mobile,8.0,ay,1.0,0.9541605949401856,0.9325246810913086,0.9735584259033203,0.9857637419240058,10
UCR26a,control,UC2-Mobile,8.0,c,1.0,0.8295371406956723,0.63319993019104,0.9496246576309204,0.9318086177892219,19
UCR26a,control,UC2-Mobile,8.0,ia,2.0,0.5200693607330322,0.4539229869842529,0.6707419157028198,0.9122576506043147,5
UCR26a,control,UC2-Mobile,9.0,ay,1.0,0.9704432447751363,0.9630168080329895,0.9759066104888916,0.9954499230692848,15
UCR26a,control,UC2-Mobile,9.0,c,1.0,0.9534642828835381,0.746583878993988,0.9900612831115723,0.9185936774219227,18
UCR26a,control,UC2-Mobile,9.0,ia,2.0,0.5112576484680176,0.5112576484680176,0.5112576484680176,1.0,2
UCR26a,control,UC2-Mobile,10.0,ay,1.0,0.9523013313611348,0.9263253808021545,0.9564677476882935,0.9896005508854971,15
UCR26a,control,UC2-Mobile,10.0,c,1.0,0.8330096562703451,0.8219419717788696,0.8679726719856262,0.9830070154222972,15
UCR26a,control,UC2-Mobile,10.0,i,2.0,0.7555966604323614,0.7130792140960693,0.7876105308532715,0.9677832271855163,42
UCR26a,control,UC2-Mobile,10.0,ia,2.0,0.4320811033248901,0.4320811033248901,0.4320811033248901,1.0,7
UCR26a,control,UC3-Health,1.0,ay,2.0,0.9575173391236199,0.8432061672210693,0.9799847602844238,0.9504334727818403,18
UCR26a,control,UC3-Health,1.0,c,1.0,0.5741565823554993,0.4654586315155029,0.5997854471206665,0.9629122596108937,16
UCR26a,control,UC3-Health,1.0,i,2.0,0.6864073872566223,0.6864073872566223,0.6864073872566223,,1
UCR26a,control,UC3-Health,1.0,ia,2.0,0.7518203602387354,0.6215783953666687,0.8510753512382507,0.9536188595837995,26
UCR26a,control,UC3-Health,2.0,c,1.0,0.7990261197090149,0.7704797983169556,0.8597987294197083,0.9818969423249833,15
UCR26a,control,UC3-Health,3.0,c,1.0,0.9908218383789062,0.9908218383789062,0.9908218383789062,1.0,15
UCR26a,control,UC3-Health,3.0,i,2.0,0.6455868916078047,0.6297836303710938,0.6647473573684692,0.987228000329782,11
UCR26a,control,UC3-Health,4.0,ay,1.0,0.9678121010462443,0.9656336903572083,0.9684770107269287,0.9988434481092441,15
UCR26a,control,UC3-Health,4.0,c,1.0,0.990952738126119,0.986461877822876,0.9922925233840942,0.9976601859960167,15
UCR26a,control,UC3-Health,4.0,i,1.0,0.9810345768928528,0.9796604514122009,0.9817216396331787,0.998809972425768,3
UCR26a,control,UC3-Health,5.0,ay,1.0,0.8269065934069016,0.6761932373046875,0.9668412208557129,0.9392846585585138,17
UCR26a,control,UC3-Health,5.0,i,2.0,0.5492395626944165,0.4939037561416626,0.6403381824493408,0.9591288668222677,43
UCR26a,control,UC3-Health,6.0,ay,1.0,0.980409566561381,0.9711964726448059,0.9901701807975769,0.99312268845086,15
UCR26a,control,UC3-Health,6.0,c,1.0,0.9514130396502358,0.7874170541763306,0.9915061593055725,0.9281911882994472,14
UCR26a,control,UC3-Health,6.0,i,2.0,0.8749794125556946,0.7606558799743652,0.9446693658828735,0.9187813824798811,10
UCR26a,control,UC3-Health,7.0,ay,1.0,0.9739474455515543,0.9733874797821045,0.9740335941314697,0.9997726544735446,15
UCR26a,control,UC3-Health,7.0,c,1.0,0.99087895154953,0.99016273021698,0.9937438368797302,0.9985172809766227,15
UCR26a,control,UC3-Health,8.0,c,1.0,0.8337143937746684,0.78556227684021,0.8587297201156616,0.9673792188591835,15
UCR26a,control,UC3-Health,8.0,i,2.0,0.860513428846995,0.7732720971107483,0.9129873514175415,0.9329713455494473,15
UCR26a,control,UC3-Health,9.0,a,3.0,0.8261711438496907,0.6244620084762573,0.8991430997848511,0.9229914194834169,15
UCR26a,control,UC3-Health,10.0,ay,1.0,0.9393354415893554,0.9385331869125366,0.9404393434524536,0.9990992117310638,15
UCR26a,control,UC3-Health,10.0,c,1.0,0.9902091026306152,0.9902091026306152,0.9902091026306152,1.0,15
UCR26a,control,UC3-Health,11.0,ay,1.0,0.9623291492462158,0.9623291492462158,0.9623291492462158,1.0,15
UCR26a,control,UC3-Health,11.0,c,1.0,0.9619648933410645,0.9615269899368286,0.9680955410003662,0.9983040074081471,15
UCR26a,control,UC3-Health,11.0,pr,1.0,0.9011239856481552,0.7971047759056091,0.9119546413421631,0.9669553905247668,12
UCR26a,control,UC3-Health,12.0,ay,1.0,0.963475513458252,0.9592024087905884,0.9747006893157959,0.9959508032034237,15
UCR26a,control,UC3-Health,12.0,c,1.0,0.9811406970024109,0.978260338306427,0.9926621317863464,0.9940370909960478,15
UCR26a,control,UC3-Health,12.0,i,1.0,0.9725457429885864,0.9725457429885864,0.9725457429885864,,1
UCR26a,control,UC3-Health,12.0,pr,1.0,0.9461702108383179,0.9461702108383179,0.9461702108383179,1.0,2
UCR26a,control,UC3-Health,13.0,ay,1.0,0.9624309448095468,0.9527400135993958,0.9701260328292847,0.994117401618489,13
UCR26a,control,UC3-Health,13.0,c,1.0,0.9697603702545166,0.9684027433395386,0.9880790710449219,0.9949308543008447,15
UCR26a,control,UC3-Health,13.0,pr,1.0,0.9123771091302236,0.9023250937461853,0.925338864326477,0.9888738330198775,6
UCR26a,control,UC3-Health,14.0,ay,1.0,0.7606481273969015,0.7353999018669128,0.7853988409042358,0.982327868829199,15
UCR26a,control,UC3-Health,14.0,c,1.0,0.719355046749115,0.6161713004112244,0.7709469199180603,0.9244772308163122,15
UCR26a,control,UC3-Health,14.0,i,2.0,0.8408404588699341,0.6599883437156677,0.8665561676025391,0.951197574175497,16
UCR26a,control,UC3-Health,14.0,pr,1.0,0.7681548555692037,0.6949918270111084,0.8363901376724243,0.9452823200942143,15
UCR26a,treatment,UC1-Health,1.0,ia,2.0,1.0,1.0,1.0,1.0,15
UCR26a,treatment,UC1-Health,2.0,ay,2.0,0.8690009593963623,0.8559373617172241,1.0,0.9636183241667062,15
UCR26a,treatment,UC1-Health,2.0,ia,2.0,0.5907383422056834,0.5164240002632141,0.6605762243270874,0.9471982013267092,30
UCR26a,treatment,UC1-Health,3.0,ay,1.0,0.9932688474655151,0.9932688474655151,0.9932688474655151,1.0,15
UCR26a,treatment,UC1-Health,3.0,c,1.0,1.0,1.0,1.0,1.0,15
UCR26a,treatment,UC1-Health,3.0,i,2.0,0.8686184883117676,0.8686184883117676,0.8686184883117676,1.0,15
UCR26a,treatment,UC1-Health,3.0,pr,1.0,0.9855607509613037,0.9738143682479858,0.9898321628570557,0.9926680514049527,15
UCR26a,treatment,UC1-Health,4.0,ay,1.0,0.9400917172431946,0.926541805267334,0.9751079678535461,0.9892532135945902,15
UCR26a,treatment,UC1-Health,5.0,ay,1.0,0.9323464194933574,0.9067394137382507,0.9365787506103516,0.9900032439914289,15
UCR26a,treatment,UC1-Health,5.0,c,1.0,0.9120925744374593,0.9090110063552856,0.9244105815887451,0.996538045466465,15
UCR26a,treatment,UC1-Health,5.0,i,2.0,0.8426167209943135,0.8161675333976746,0.8466858267784119,0.9892616570395323,15
UCR26a,treatment,UC1-Health,5.0,pr,1.0,0.849770188331604,0.849770188331604,0.849770188331604,,1
UCR26a,treatment,UC1-Health,6.0,ay,1.0,0.9237845264948331,0.9138010740280151,0.9575037956237793,0.9886892823708578,13
UCR26a,treatment,UC1-Health,6.0,i,2.0,0.9366332834417169,0.8916086554527283,0.9746647477149963,0.957007197772406,11
UCR26a,treatment,UC1-Health,7.0,ay,1.0,0.9345578749974569,0.9326130151748657,0.935947060585022,0.9982832044960944,12
UCR26a,treatment,UC1-Health,7.0,i,2.0,0.8244210084279379,0.7510215044021606,0.9574376344680786,0.9271423091414536,72
UCR26a,treatment,UC1-Health,8.0,ay,1.0,0.9987055182456975,0.9805811047554016,1.00000011920929,0.9949860320280219,15
UCR26a,treatment,UC1-Health,8.0,c,1.0,0.9995191693305969,0.9995191693305969,0.9995191693305969,1.0,15
UCR26a,treatment,UC1-Health,8.0,i,2.0,0.9292958378791809,0.9292958378791809,0.9292958378791809,1.0,15
UCR26a,treatment,UC1-Health,9.0,ay,1.0,0.9742811461289723,0.9596338272094727,0.9856874942779541,0.9886461463011194,30
UCR26a,treatment,UC1-Health,9.0,c,1.0,0.9803454978712673,0.9016629457473755,1.0,0.9763051915733814,29
UCR26a,treatment,UC1-Health,9.0,i,1.0,0.8794283270835876,0.8794283270835876,0.8794283270835876,,1
UCR26a,treatment,UC1-Health,9.0,i,3.0,0.9778245608011882,0.9777718782424927,0.977828323841095,0.9999854258091098,15
UCR26a,treatment,UC1-Health,9.0,pr,1.0,0.9955411553382874,0.9948294162750244,0.9962528944015503,0.9992760935756502,30
UCR26a,treatment,UC1-Health,10.0,ay,1.0,0.9864293813705445,0.9815161824226379,0.9883347153663635,0.9974110055655299,15
UCR26a,treatment,UC1-Mobile,1.0,ay,1.0,0.9064730405807495,0.8013092279434204,0.9855483770370483,0.9016281219877786,7
UCR26a,treatment,UC1-Mobile,1.0,c,1.0,0.9821584065755208,0.9133627414703369,0.9995071887969971,0.9643943199756205,15
UCR26a,treatment,UC1-Mobile,1.0,i,2.0,0.8488774469920567,0.802078127861023,0.883976936340332,0.9562232454693441,7
UCR26a,treatment,UC1-Mobile,1.0,ia,2.0,0.7669625878334045,0.7669625878334045,0.7669625878334045,1.0,7
UCR26a,treatment,UC1-Mobile,2.0,ay,1.0,0.8958825270334879,0.8859851956367493,0.963782787322998,0.9775123944261818,15
UCR26a,treatment,UC1-Mobile,2.0,c,1.0,0.9140689134597778,0.8907815217971802,0.999282717704773,0.955844150388859,15
UCR26a,treatment,UC1-Mobile,2.0,ia,2.0,0.6180128206809362,0.5118990540504456,0.6820166110992432,0.935359156112009,12
UCR26a,treatment,UC1-Mobile,3.0,ay,1.0,0.8684752099215984,0.8315552473068237,0.8940473794937134,0.9757852332839013,16
UCR26a,treatment,UC1-Mobile,3.0,c,1.0,0.8790686366458734,0.8209824562072754,0.9259839057922363,0.9634854437772671,48
UCR26a,treatment,UC1-Mobile,3.0,i,2.0,0.8615320410047259,0.8398025631904602,0.8994026780128479,0.9774274747818452,7
UCR26a,treatment,UC1-Mobile,3.0,ia,2.0,0.7803490797678629,0.7714163064956665,0.9004025459289551,0.9667811535887036,15
UCR26a,treatment,UC1-Mobile,4.0,ay,1.0,0.9244269212086995,0.89975506067276,0.9351962208747864,0.9899422476752018,15
UCR26a,treatment,UC1-Mobile,4.0,c,1.0,0.8799149182107714,0.7723089456558228,0.9259839057922363,0.9612105394873905,45
UCR26a,treatment,UC1-Mobile,4.0,i,2.0,0.9369708829455905,0.9291521310806274,0.9467443227767944,0.9907281008676352,9
UCR26a,treatment,UC1-Mobile,4.0,ia,2.0,0.7802378495534261,0.7714163064956665,0.9004025459289551,0.9667523114588454,15
UCR26a,treatment,UC1-Mobile,5.0,ay,1.0,0.9933446645736694,0.9933446645736694,0.9933446645736694,1.0,15
UCR26a,treatment,UC1-Mobile,5.0,c,1.0,0.9991285522778829,0.9990584254264832,0.999687671661377,0.9998424055867287,15
UCR26a,treatment,UC1-Mobile,5.0,i,2.0,0.9757428169250488,0.9757428169250488,0.9757428169250488,1.0,15
UCR26a,treatment,UC1-Mobile,5.0,ia,2.0,0.810771107673645,0.8087936639785767,0.8112654685974121,0.998976575657871,15
UCR26a,treatment,UC1-Mobile,6.0,ay,3.0,0.8041019439697266,0.7967784404754639,0.8114254474639893,0.989643002034327,2
UCR26a,treatment,UC1-Mobile,6.0,c,1.0,0.8265833298365275,0.7922682762145996,0.8421480655670166,0.9827162129886831,15
UCR26a,treatment,UC1-Mobile,6.0,i,1.0,0.8893327875570818,0.7458831071853638,0.9718304872512817,0.8862643944244689,11
UCR26a,treatment,UC1-Mobile,7.0,c,1.0,0.997689978281657,0.9883215427398682,1.0,0.995670836371319,15
UCR26a,treatment,UC1-Mobile,8.0,ay,1.0,0.993262936671575,0.9931666851043701,0.9943217039108276,0.9996665747905863,12
UCR26a,treatment,UC1-Mobile,8.0,c,1.0,0.9956715027491252,0.9636963605880737,0.9979554414749146,0.9911543433512595,15
UCR26a,treatment,UC1-Mobile,9.0,ay,1.0,0.9698589663756522,0.8580509424209595,0.9965642094612122,0.9580035203245245,19
UCR26a,treatment,UC1-Mobile,9.0,c,1.0,0.9019665718078613,0.9019665718078613,0.9019665718078613,1.0,15
UCR26a,treatment,UC2-Health,1.0,c,1.0,1.000000238418579,1.000000238418579,1.000000238418579,1.0,15
UCR26a,treatment,UC2-Health,1.0,pr,1.0,0.9999269568003141,0.9990504384040833,1.0,0.9997366389982085,13
UCR26a,treatment,UC2-Health,2.0,ay,1.0,0.9606152772903442,0.9606152772903442,0.9606152772903442,1.0,15
UCR26a,treatment,UC2-Health,3.0,ay,1.0,0.9444643259048462,0.9444643259048462,0.9444643259048462,1.0,15
UCR26a,treatment,UC2-Health,3.0,c,1.0,0.9277596473693848,0.9277596473693848,0.9277596473693848,1.0,15
UCR26a,treatment,UC2-Health,3.0,pr,1.0,0.9214970469474792,0.9214970469474792,0.9214970469474792,1.0,12
UCR26a,treatment,UC2-Health,4.0,c,1.0,0.9739516377449036,0.9739516377449036,0.9739516377449036,1.0,15
UCR26a,treatment,UC2-Health,5.0,ay,1.0,0.890063688158989,0.8660387992858887,0.9113820791244507,0.9861287551676479,12
UCR26a,treatment,UC2-Health,5.0,c,1.0,0.9171750363376405,0.6576387882232666,0.9959388971328735,0.8876325428353399,36
UCR26a,treatment,UC2-Health,5.0,pr,1.0,0.9530933856964111,0.8864665031433105,0.9936094284057617,0.9602886985606766,5
UCR26a,treatment,UC2-Health,6.0,ay,1.0,0.9868825674057007,0.9183920621871948,0.9970663785934448,0.9809959169122782,15
UCR26a,treatment,UC2-Health,6.0,c,1.0,0.9805793364842735,0.9417377710342407,1.00000011920929,0.9715708850829083,15
UCR26a,treatment,UC2-Health,8.0,ay,1.0,0.9933323462804159,0.9840869307518005,0.9999998807907104,0.9967034841267752,15
UCR26a,treatment,UC2-Health,8.0,c,1.0,0.9886807680130005,0.986818790435791,0.9955431222915649,0.9980207031732782,15
UCR26a,treatment,UC2-Health,8.0,pr,1.0,0.9811839205878121,0.9492923021316528,0.989936351776123,0.9890903607418547,14
UCR26a,treatment,UC2-Health,9.0,ay,1.0,0.9975278019905095,0.9629153609275818,1.00000011920929,0.9904247565851211,15
UCR26a,treatment,UC2-Health,9.0,c,1.0,0.9996713479359944,0.9950710535049438,0.9999999403953552,0.9987273668772064,15
UCR26a,treatment,UC2-Health,9.0,pr,1.0,0.9999349514643351,0.9990251064300537,0.9999999403953552,0.9997482989524713,15
UCR26a,treatment,UC2-Mobile,1.0,ay,1.0,0.9896451274553935,0.9801165461540222,1.00000011920929,0.9917662061197721,15
UCR26a,treatment,UC2-Mobile,1.0,c,1.0,0.9994252602259318,0.999336838722229,1.0,0.9997666562428651,15
UCR26a,treatment,UC2-Mobile,1.0,ia,2.0,0.9266442020734151,0.9136110544204712,0.9466192722320557,0.987751456296338,15
UCR26a,treatment,UC2-Mobile,2.0,c,1.0,0.9256648527724403,0.8401103615760803,0.9990568161010742,0.9197175496551189,28
UCR26a,treatment,UC2-Mobile,2.0,ia,2.0,0.9524785280227661,0.9524785280227661,0.9524785280227661,1.0,15
UCR26a,treatment,UC2-Mobile,3.0,c,1.0,0.9227472523163105,0.8401103615760803,0.9990568161010742,0.9196137889072918,29
UCR26a,treatment,UC2-Mobile,3.0,ia,2.0,0.9524785280227661,0.9524785280227661,0.9524785280227661,1.0,15
UCR26a,treatment,UC2-Mobile,4.0,ay,1.0,0.8849467188119888,0.8686826229095459,0.892667829990387,0.9924268872459319,16
UCR26a,treatment,UC2-Mobile,4.0,c,1.0,0.8924665749073029,0.7923914194107056,0.9925417304039001,0.8982140341578697,30
UCR26a,treatment,UC2-Mobile,4.0,ia,2.0,0.8499259395258767,0.8435777425765991,0.9136110544204712,0.9809949999064604,14
UCR26a,treatment,UC2-Mobile,5.0,ay,3.0,0.6709401607513428,0.6709401607513428,0.6709401607513428,,1
UCR26a,treatment,UC2-Mobile,5.0,c,1.0,0.8179078618685405,0.8070471286773682,0.8421480655670166,0.9856126601392002,15
UCR26a,treatment,UC2-Mobile,5.0,i,1.0,0.7803143125313979,0.7399677038192749,0.9718304872512817,0.9147735488295452,13
UCR26a,treatment,UC2-Mobile,6.0,c,1.0,0.8164253360346744,0.6400898694992065,0.9997823238372803,0.8816998170775813,19
UCR26a,treatment,UC2-Mobile,6.0,i,1.0,0.799403727054596,0.799403727054596,0.799403727054596,1.0,7
UCR26a,treatment,UC2-Mobile,7.0,ay,3.0,0.762852668762207,0.762852668762207,0.762852668762207,,1
UCR26a,treatment,UC2-Mobile,7.0,c,1.0,0.9999734958012899,0.9996024370193481,1.0,0.9998973496797912,15
UCR26a,treatment,UC2-Mobile,7.0,i,1.0,0.9858013391494751,0.9858013391494751,0.9858013391494751,1.0,13
UCR26a,treatment,UC2-Mobile,8.0,ay,1.0,0.9139577517142663,0.87738037109375,0.9720655083656311,0.9521826900763697,13
UCR26a,treatment,UC2-Mobile,8.0,c,1.0,0.814512080267856,0.6711790561676025,0.9358049035072327,0.9139617937195815,19
UCR26a,treatment,UC2-Mobile,9.0,c,1.0,0.9970440665880839,0.9968420267105103,0.9978302717208862,0.9996251275150622,15
UCR26a,treatment,UC2-Mobile,10.0,ay,1.0,0.9886190017064412,0.9765424728393555,0.9963068962097168,0.9946689662376811,15
UCR26a,treatment,UC2-Mobile,10.0,c,1.0,0.8103397766749064,0.7627116441726685,0.9992440342903137,0.902509808093868,15
UCR26a,treatment,UC2-Mobile,10.0,i,2.0,0.9410690069198608,0.8356642723083496,0.9813356399536133,0.9546586978161056,14
UCR26a,treatment,UC3-Health,1.0,ay,2.0,1.0,1.0,1.0,1.0,15
UCR26a,treatment,UC3-Health,1.0,c,1.0,0.6098848462104798,0.5984225869178772,0.6127504110336304,0.9940677172224424,15
UCR26a,treatment,UC3-Health,1.0,i,2.0,0.5879021341150458,0.5345656871795654,0.6903717517852783,0.9348209152877266,11
UCR26a,treatment,UC3-Health,1.0,ia,2.0,0.989238440990448,0.989238440990448,0.989238440990448,1.0,15
UCR26a,treatment,UC3-Health,2.0,c,1.0,0.9797371466954549,0.9797171354293823,0.9798672199249268,0.9999471904026186,15
UCR26a,treatment,UC3-Health,2.0,i,1.0,0.9665615558624268,0.9665615558624268,0.9665615558624268,1.0,15
UCR26a,treatment,UC3-Health,3.0,c,1.0,1.000000238418579,1.000000238418579,1.000000238418579,1.0,15
UCR26a,treatment,UC3-Health,3.0,i,1.0,1.00000011920929,1.00000011920929,1.00000011920929,1.0,15
UCR26a,treatment,UC3-Health,4.0,ay,1.0,0.9900473992029826,0.9840167760848999,0.9904781579971313,0.9983316783640295,15
UCR26a,treatment,UC3-Health,4.0,c,1.0,0.9865013957023621,0.9865013957023621,0.9865013957023621,1.0,15
UCR26a,treatment,UC3-Health,4.0,i,1.0,0.9757967591285706,0.9757967591285706,0.9757967591285706,1.0,15
UCR26a,treatment,UC3-Health,4.0,pr,1.0,0.9737535119056702,0.9737535119056702,0.9737535119056702,1.0,8
UCR26a,treatment,UC3-Health,5.0,ay,1.0,0.8358248574980374,0.6707220673561096,1.0,0.835342087723966,29
UCR26a,treatment,UC3-Health,5.0,c,1.0,0.8284354428450269,0.6583083868026733,1.00000011920929,0.8321390304867868,30
UCR26a,treatment,UC3-Health,5.0,i,2.0,0.7958987581318823,0.6100730299949646,0.9815797805786133,0.8142462160670827,29
UCR26a,treatment,UC3-Health,6.0,ay,1.0,0.9675379171967506,0.8976707458496094,0.975725531578064,0.9810784412279269,16
UCR26a,treatment,UC3-Health,6.0,c,1.0,0.959270179271698,0.959270179271698,0.959270179271698,1.0,15
UCR26a,treatment,UC3-Health,6.0,i,2.0,0.9740786552429199,0.9740786552429199,0.9740786552429199,1.0,15
UCR26a,treatment,UC3-Health,7.0,ay,1.0,0.9909953117370606,0.9887441396713257,1.0,0.9953396310678484,15
UCR26a,treatment,UC3-Health,7.0,c,1.0,1.0,1.0,1.0,1.0,15
UCR26a,treatment,UC3-Health,7.0,i,1.0,0.9831023812294006,0.9831023812294006,0.9831023812294006,1.0,15
UCR26a,treatment,UC3-Health,7.0,pr,1.0,0.9991733431816101,0.9991733431816101,0.9991733431816101,1.0,15
UCR26a,treatment,UC3-Health,8.0,c,1.0,0.7932049632072449,0.7932049632072449,0.7932049632072449,1.0,15
UCR26a,treatment,UC3-Health,8.0,i,2.0,0.7864869991938274,0.7666172981262207,0.8033469915390015,0.9817285919654467,15
UCR26a,treatment,UC3-Health,9.0,a,3.0,0.7840965151786804,0.7431795597076416,0.8113744854927063,0.9654188609931142,15
UCR26a,treatment,UC3-Health,10.0,ay,1.0,1.0,1.0,1.0,1.0,15
UCR26a,treatment,UC3-Health,10.0,c,1.0,0.9997943639755249,0.9997943639755249,0.9997943639755249,1.0,15
UCR26a,treatment,UC3-Health,10.0,i,1.0,0.9670542478561401,0.9670542478561401,0.9670542478561401,1.0,15
UCR26a,treatment,UC3-Health,11.0,ay,1.0,0.988128662109375,0.988128662109375,0.988128662109375,1.0,15
UCR26a,treatment,UC3-Health,11.0,c,1.0,0.9722894430160522,0.9722894430160522,0.9722894430160522,1.0,15
UCR26a,treatment,UC3-Health,12.0,ay,1.0,1.00000011920929,1.00000011920929,1.00000011920929,1.0,15
UCR26a,treatment,UC3-Health,12.0,c,1.0,1.00000011920929,1.00000011920929,1.00000011920929,1.0,15
UCR26a,treatment,UC3-Health,12.0,i,1.0,0.9839134812355042,0.9839134812355042,0.9839134812355042,1.0,15
UCR26a,treatment,UC3-Health,12.0,pr,1.0,0.999174177646637,0.999174177646637,0.999174177646637,1.0,11
UCR26a,treatment,UC3-Health,13.0,ay,1.0,0.9999999403953552,0.9999999403953552,0.9999999403953552,1.0,15
UCR26a,treatment,UC3-Health,13.0,c,1.0,0.999656081199646,0.999656081199646,0.999656081199646,1.0,15
UCR26a,treatment,UC3-Health,13.0,i,1.0,0.9836198091506958,0.9836198091506958,0.9836198091506958,1.0,15
UCR26a,treatment,UC3-Health,13.0,pr,1.0,0.9990066885948181,0.9990066885948181,0.9990066885948181,1.0,15
UCR26a,treatment,UC3-Health,14.0,ay,1.0,0.8644224107265472,0.8321972489356995,0.9903097152709961,0.9615057671770253,16
UCR26a,treatment,UC3-Health,14.0,c,1.0,0.6739208420117696,0.6482486128807068,0.6758928298950195,0.9928805184614031,15
UCR26a,treatment,UC3-Health,14.0,i,2.0,0.8472527146339417,0.6878952980041504,0.9283276796340942,0.9510465845371444,15
UCR26a,treatment,UC3-Health,14.0,pr,1.0,0.8575154980023701,0.7985193729400635,0.9948839545249939,0.9586189335065038,15
UCR26b,control,UC1-Health,1.0,ia,2.0,0.7329728762308757,0.6835731267929077,0.7864193320274353,0.9581622932434759,15
UCR26b,control,UC1-Health,2.0,ay,2.0,0.8273729681968689,0.8273729681968689,0.8273729681968689,1.0,4
UCR26b,control,UC1-Health,2.0,ia,2.0,0.5825117665987748,0.5402845144271851,0.6469022035598755,0.949290437772765,26
UCR26b,control,UC1-Health,3.0,ay,1.0,0.9627558708190918,0.9354308843612671,0.9665565490722656,0.9899212476445529,15
UCR26b,control,UC1-Health,3.0,c,1.0,0.9751325249671936,0.9751325249671936,0.9751325249671936,1.0,9
UCR26b,control,UC1-Health,3.0,i,2.0,0.7016891191403071,0.6946410536766052,0.7087501287460327,0.9926385046733208,12
UCR26b,control,UC1-Health,3.0,pr,1.0,0.8080160617828369,0.8080160617828369,0.8080160617828369,,1
UCR26b,control,UC1-Health,4.0,ay,1.0,0.9760865701569451,0.9732158184051514,0.9805954098701477,0.997680293472867,9
UCR26b,control,UC1-Health,5.0,ay,1.0,0.9221716523170471,0.9039947986602783,0.9452970027923584,0.9910654524894091,15
UCR26b,control,UC1-Health,5.0,c,1.0,0.9266404708226522,0.9063352346420288,0.9367930889129639,0.9824151496377372,3
UCR26b,control,UC1-Health,5.0,i,2.0,0.7956264565388361,0.6131200790405273,0.8721975684165955,0.926046141367185,24
UCR26b,control,UC1-Health,6.0,ay,1.0,0.9314196980916537,0.9272189140319824,0.9380829930305481,0.9972930768033211,13
UCR26b,control,UC1-Health,6.0,i,2.0,0.7942129373550415,0.7524620294570923,0.8165608644485474,0.9676330797277388,6
UCR26b,control,UC1-Health,7.0,ay,1.0,0.923956028620402,0.9150441884994507,0.9251714944839478,0.9975291766938016,15
UCR26b,control,UC1-Health,7.0,i,2.0,0.7781899213790894,0.6999713182449341,0.9138004779815674,0.9228423460215105,75
UCR26b,control,UC1-Health,8.0,ay,1.0,0.9601052045822144,0.960016131401062,0.9603501558303833,0.999847104423234,15
UCR26b,control,UC1-Health,8.0,c,1.0,0.9964857498804728,0.993281364440918,0.9982913732528687,0.9972174744270091,3
UCR26b,control,UC1-Health,8.0,i,2.0,0.9323069453239441,0.9323069453239441,0.9323069453239441,1.0,15
UCR26b,control,UC1-Health,9.0,ay,1.0,0.9218724191188812,0.8544324636459351,0.9587093591690063,0.9735084625520782,30
UCR26b,control,UC1-Health,9.0,c,1.0,0.9771965392704668,0.8660223484039307,0.9970553517341614,0.9668768618161933,29
UCR26b,control,UC1-Health,9.0,i,3.0,0.8855119188626607,0.8360942602157593,0.9777718782424927,0.9510928596248609,15
UCR26b,control,UC1-Health,10.0,ay,1.0,0.8664712905883789,0.8124819993972778,0.92046058177948,0.9236476121746346,2
UCR26b,control,UC1-Health,10.0,c,1.0,0.9325133928885827,0.8111213445663452,0.9780684113502502,0.9399293665687598,13
UCR26b,control,UC1-Mobile,1.0,ay,1.0,0.9092130405562264,0.8020956516265869,0.9406716823577881,0.9560243760987299,14
UCR26b,control,UC1-Mobile,1.0,c,1.0,0.9404199361801148,0.8053771257400513,0.9500658512115479,0.9626415317243278,15
UCR26b,control,UC1-Mobile,1.0,i,2.0,0.7973971803983052,0.7091399431228638,0.8667763471603394,0.93929126523167,15
UCR26b,control,UC1-Mobile,1.0,ia,2.0,0.4413036306699117,0.4195209145545959,0.535548210144043,0.9676833083356519,15
UCR26b,control,UC1-Mobile,2.0,ay,1.0,0.9493483146031697,0.8447126150131226,0.959621012210846,0.970928514130117,15
UCR26b,control,UC1-Mobile,2.0,c,1.0,0.9891232411066692,0.8462830781936646,0.9993261098861694,0.9604844591334557,15
UCR26b,control,UC1-Mobile,2.0,ia,2.0,0.42496124108632405,0.4056949019432068,0.4428799748420715,0.992036441370322,15
UCR26b,control,UC1-Mobile,3.0,ay,1.0,0.8708117246627808,0.8322538137435913,0.886021614074707,0.9832674745038058,15
UCR26b,control,UC1-Mobile,3.0,c,1.0,0.7328002842573019,0.6052817106246948,0.8523967266082764,0.9216730770264887,26
UCR26b,control,UC1-Mobile,3.0,i,2.0,0.6772509062731707,0.519932746887207,0.7882201671600342,0.9307781382724655,27
UCR26b,control,UC1-Mobile,3.0,ia,2.0,0.5023464597761631,0.4776948690414429,0.5496670007705688,0.9787199493151039,16
UCR26b,control,UC1-Mobile,4.0,ay,1.0,0.9306611061096192,0.9164714813232422,0.9600203037261963,0.9869910906932993,15
UCR26b,control,UC1-Mobile,4.0,c,1.0,0.715351779460907,0.5541220903396606,0.8831939697265625,0.919243783712681,25
UCR26b,control,UC1-Mobile,4.0,i,2.0,0.7499987174357686,0.4346390962600708,0.9057577848434448,0.8819396597836151,28
UCR26b,control,UC1-Mobile,4.0,ia,2.0,0.5168244322141011,0.4933748841285706,0.554850697517395,0.9742259492918961,15
UCR26b,control,UC1-Mobile,5.0,ay,1.0,0.9403657714525858,0.9044047594070435,0.9698672890663147,0.9706063097694015,15
UCR26b,control,UC1-Mobile,5.0,c,1.0,0.8780583429336548,0.6865887641906738,0.9592326879501343,0.8993247761607266,25
UCR26b,control,UC1-Mobile,5.0,i,2.0,0.8684843460718791,0.7105470895767212,0.9764074683189392,0.8949837619870439,15
UCR26b,control,UC1-Mobile,5.0,ia,2.0,0.5112222194671631,0.4995237588882446,0.530379056930542,0.9884228057654696,15
UCR26b,control,UC1-Mobile,6.0,ay,3.0,0.7142491248937753,0.6661679744720459,0.7888191938400269,0.9480039582761721,13
UCR26b,control,UC1-Mobile,6.0,c,1.0,0.778845876455307,0.7422494888305664,0.792751669883728,0.9755725686263359,4
UCR26b,control,UC1-Mobile,7.0,c,1.0,0.7925095091695371,0.6923017501831055,0.8747211694717407,0.9509398469553259,23
UCR26b,control,UC1-Mobile,8.0,ay,1.0,0.9755571683247884,0.9436967372894287,0.9825749397277832,0.9882178095172433,15
UCR26b,control,UC1-Mobile,8.0,c,1.0,0.8812915226992439,0.840853750705719,0.9440476298332214,0.9691403934970605,17
UCR26b,control,UC1-Mobile,9.0,ay,1.0,0.9477840874876294,0.8687615394592285,0.9591524004936218,0.9758876847028137,14
UCR26b,control,UC1-Mobile,9.0,c,1.0,0.8085048036141829,0.6229308843612671,0.8887688517570496,0.9052161620878343,11
UCR26b,control,UC2-Health,1.0,c,1.0,0.9478012204170227,0.9020504951477051,0.9983816742897034,0.9736440058357952,15
UCR26b,control,UC2-Health,2.0,ay,1.0,0.8949256777763367,0.8823935389518738,0.9020441174507141,0.9920334585265216,15
UCR26b,control,UC2-Health,3.0,ay,1.0,0.8579235951105754,0.8499270081520081,0.8599044680595398,0.996514137600612,15
UCR26b,control,UC2-Health,3.0,c,1.0,0.8322383165359497,0.8322383165359497,0.8322383165359497,1.0,15
UCR26b,control,UC2-Health,3.0,pr,1.0,0.840185210108757,0.7596670389175415,0.8805567026138306,0.9431699703194443,4
UCR26b,control,UC2-Health,4.0,ay,1.0,0.8321387132008871,0.8247527480125427,0.835715651512146,0.9967999577858048,15
UCR26b,control,UC2-Health,4.0,c,1.0,0.854972493648529,0.854947030544281,0.8550425171852112,0.9999562921638153,15
UCR26b,control,UC2-Health,5.0,ay,1.0,0.8899534940719604,0.8817413449287415,0.9046792387962341,0.9924000194884176,15
UCR26b,control,UC2-Health,5.0,c,1.0,0.9435164630413055,0.9108283519744873,0.9762045741081238,0.9667530773249305,30
UCR26b,control,UC2-Health,5.0,pr,1.0,0.9374494651953379,0.8522047400474548,0.9941471815109253,0.941448216819708,6
UCR26b,control,UC2-Health,6.0,ay,1.0,0.8763956387837728,0.846647322177887,0.8889532685279846,0.9870385140226831,15
UCR26b,control,UC2-Health,6.0,c,1.0,0.9328094124794006,0.9328094124794006,0.9328094124794006,1.0,15
UCR26b,control,UC2-Health,8.0,ay,1.0,0.8752391656239827,0.8678883910179138,0.9021216034889221,0.9889627692231522,15
UCR26b,control,UC2-Health,8.0,c,1.0,0.986894965171814,0.986894965171814,0.986894965171814,1.0,15
UCR26b,control,UC2-Health,9.0,a,1.0,0.7169978419939677,0.7091423869132996,0.7223677635192871,0.9930457887302999,3
UCR26b,control,UC2-Health,9.0,ay,1.0,0.8871108373006185,0.8798295855522156,0.8918808698654175,0.9973781714995977,15
UCR26b,control,UC2-Health,9.0,c,1.0,0.9740754922231039,0.973278284072876,0.9762678146362305,0.9986315791312853,15
UCR26b,control,UC2-Health,9.0,pr,1.0,0.9083915948867798,0.9083915948867798,0.9083915948867798,,1
UCR26b,control,UC2-Mobile,1.0,ay,1.0,0.9586865027745565,0.955052375793457,0.9620362520217896,0.998298760453174,15
UCR26b,control,UC2-Mobile,1.0,c,1.0,0.981168802579244,0.9587492942810059,0.9967862367630005,0.9809910357875294,15
UCR26b,control,UC2-Mobile,1.0,ia,2.0,0.7637808561325073,0.6674796938896179,0.8081823587417603,0.958614597689656,15
UCR26b,control,UC2-Mobile,2.0,c,1.0,0.9854460060596466,0.8438221216201782,0.9948877096176147,0.9622336308161301,16
UCR26b,control,UC2-Mobile,2.0,i,2.0,0.5989822745323181,0.4472163915634155,0.745842456817627,0.912804740433214,8
UCR26b,control,UC2-Mobile,2.0,ia,2.0,0.7930360436439514,0.7930360436439514,0.7930360436439514,1.0,15
UCR26b,control,UC2-Mobile,3.0,c,1.0,0.9340324086301467,0.6090114116668701,0.9948877096176147,0.8788769660094129,17
UCR26b,control,UC2-Mobile,3.0,i,2.0,0.6027399659156799,0.5040463209152222,0.7344984412193298,0.9167190479418479,5
UCR26b,control,UC2-Mobile,3.0,ia,2.0,0.7607766919665866,0.5802960395812988,0.804862916469574,0.9215200103664498,18
UCR26b,control,UC2-Mobile,4.0,ay,1.0,0.9018344759941102,0.90171217918396,0.9023236632347107,0.9997468215498939,15
UCR26b,control,UC2-Mobile,4.0,c,1.0,0.9884764552116394,0.9884764552116394,0.9884764552116394,1.0,15
UCR26b,control,UC2-Mobile,4.0,ia,2.0,0.6354331135749817,0.6240397095680237,0.6695793271064758,0.9822289678078361,15
UCR26b,control,UC2-Mobile,5.0,ay,3.0,0.7222240154559796,0.6661679744720459,0.7888191938400269,0.9448611120216357,13
UCR26b,control,UC2-Mobile,5.0,c,1.0,0.7901911735534668,0.7901911735534668,0.7901911735534668,1.0,3
UCR26b,control,UC2-Mobile,6.0,c,1.0,0.7576899528503418,0.7501022815704346,0.7683753967285156,0.9908807271498059,4
UCR26b,control,UC2-Mobile,7.0,ay,3.0,0.6969491640726725,0.6863292455673218,0.714159369468689,0.9849599581095223,3
UCR26b,control,UC2-Mobile,7.0,c,1.0,0.9346450992992946,0.9001748561859131,0.9548640251159668,0.9839802324206236,14
UCR26b,control,UC2-Mobile,8.0,ay,1.0,0.8743645615047879,0.7595472931861877,0.9743455648422241,0.9187323548589437,18
UCR26b,control,UC2-Mobile,8.0,c,1.0,0.8055426749316129,0.6366395950317383,0.968916654586792,0.8822328284041019,11
UCR26b,control,UC2-Mobile,8.0,ia,2.0,0.49113814745630535,0.3641622364521027,0.5928325653076172,0.928688869770543,7
UCR26b,control,UC2-Mobile,9.0,ay,1.0,0.9728054960568746,0.964531660079956,0.9759066104888916,0.997181731216712,15
UCR26b,control,UC2-Mobile,9.0,c,1.0,0.9880675673484802,0.9870204925537109,0.9900612235069275,0.9993935496648216,15
UCR26b,control,UC2-Mobile,9.0,ia,2.0,0.5018399357795715,0.4472715258598328,0.5296861529350281,0.9628459893864534,4
UCR26b,control,UC2-Mobile,10.0,ay,1.0,0.9538401802380879,0.9263253808021545,0.9564677476882935,0.9922833575184515,15
UCR26b,control,UC2-Mobile,10.0,c,1.0,0.8325329944491386,0.8219419717788696,0.8679726719856262,0.9831617202034859,16
UCR26b,control,UC2-Mobile,10.0,i,2.0,0.7529633394101771,0.7130791544914246,0.7876105308532715,0.9694969611311383,41
UCR26b,control,UC2-Mobile,10.0,ia,2.0,0.4330366432666778,0.4320811033248901,0.4416365027427673,0.9969783173886861,10
UCR26b,control,UC3-Health,1.0,ay,2.0,0.9362154245376587,0.7880406975746155,0.9952506422996521,0.9231631329157999,15
UCR26b,control,UC3-Health,1.0,c,1.0,0.5588727533817291,0.4343900978565216,0.5997854471206665,0.9442552500980351,15
UCR26b,control,UC3-Health,1.0,i,2.0,0.4770962695280711,0.4173305928707123,0.5572749376296997,0.9278292124728886,3
UCR26b,control,UC3-Health,1.0,ia,2.0,0.7479880849520365,0.5625556111335754,0.8510753512382507,0.9364449210902684,24
UCR26b,control,UC3-Health,2.0,c,1.0,0.7548565443824319,0.6062730550765991,0.8926985263824463,0.9002197127346956,17
UCR26b,control,UC3-Health,3.0,c,1.0,0.9472287016756394,0.7725988030433655,0.9908218383789062,0.9178832343351303,17
UCR26b,control,UC3-Health,3.0,i,2.0,0.6550243869423866,0.6366885900497437,0.6647473573684692,0.9891452191661855,8
UCR26b,control,UC3-Health,4.0,ay,1.0,0.9670833230018616,0.9656336903572083,0.9684770107269287,0.9987799477592029,15
UCR26b,control,UC3-Health,4.0,c,1.0,0.9911677916844686,0.988074779510498,0.9922925233840942,0.9980693795854535,15
UCR26b,control,UC3-Health,4.0,i,1.0,0.9819271266460419,0.9817216396331787,0.982132613658905,0.9997093974795174,2
UCR26b,control,UC3-Health,5.0,ay,1.0,0.8212780863046646,0.6761932373046875,0.9782536625862122,0.8997509756182419,20
UCR26b,control,UC3-Health,5.0,i,2.0,0.6237118614686502,0.5056535005569458,0.9453432559967041,0.8895033280608818,37
UCR26b,control,UC3-Health,6.0,ay,1.0,0.975798738002777,0.9422785639762878,0.9899035692214966,0.9884554468675759,15
UCR26b,control,UC3-Health,6.0,c,1.0,0.9686562736829122,0.7874170541763306,0.9915061593055725,0.9481741697367129,15
UCR26b,control,UC3-Health,6.0,i,2.0,0.8920983125766119,0.739551305770874,0.9446693658828735,0.916014968614107,12
UCR26b,control,UC3-Health,7.0,ay,1.0,0.9739341919238751,0.9733874797821045,0.9740335941314697,0.9997573622179152,13
UCR26b,control,UC3-Health,7.0,c,1.0,0.99087895154953,0.99016273021698,0.9937438368797302,0.9985172809766227,15
UCR26b,control,UC3-Health,7.0,pr,1.0,0.9681077003479004,0.9681077003479004,0.9681077003479004,1.0,2
UCR26b,control,UC3-Health,8.0,c,1.0,0.8197742382685343,0.7914949059486389,0.8587297201156616,0.9689505832735128,15
UCR26b,control,UC3-Health,8.0,i,2.0,0.8202982465426127,0.7732720971107483,0.9129873514175415,0.9408339404504188,15
UCR26b,control,UC3-Health,9.0,a,3.0,0.7840358932813009,0.6048842072486877,0.8954936265945435,0.9251386163328666,15
UCR26b,control,UC3-Health,10.0,ay,1.0,0.945420241355896,0.9385331869125366,0.9596056938171387,0.991139607725961,15
UCR26b,control,UC3-Health,10.0,c,1.0,0.9902091026306152,0.9902091026306152,0.9902091026306152,1.0,15
UCR26b,control,UC3-Health,10.0,i,1.0,0.9614033102989197,0.9520919322967529,0.9707146883010864,0.9868317229449532,2
UCR26b,control,UC3-Health,11.0,ay,1.0,0.9509696205457051,0.9330798387527466,0.9623291492462158,0.9868322740765887,15
UCR26b,control,UC3-Health,11.0,c,1.0,0.9654681205749511,0.9615269899368286,0.9680955410003662,0.9966691366727498,15
UCR26b,control,UC3-Health,11.0,pr,1.0,0.9042519852519035,0.8301329612731934,0.9225059151649475,0.9697048432377178,8
UCR26b,control,UC3-Health,12.0,ay,1.0,0.9639033024961298,0.9521117210388184,0.9747006893157959,0.9929422447671499,11
UCR26b,control,UC3-Health,12.0,c,1.0,0.9812650561332703,0.978260338306427,0.9926621317863464,0.9940821716305012,15
UCR26b,control,UC3-Health,12.0,i,1.0,0.9681353569030762,0.9593145847320557,0.9725457429885864,0.9923609872189014,3
UCR26b,control,UC3-Health,12.0,pr,1.0,0.9139057993888855,0.9139057993888855,0.9139057993888855,1.0,4
UCR26b,control,UC3-Health,13.0,ay,1.0,0.9619208194992759,0.9532037973403931,0.9691575765609741,0.9924665847003604,11
UCR26b,control,UC3-Health,13.0,c,1.0,0.9710721254348755,0.9684027433395386,0.9880790710449219,0.9930941615969847,15
UCR26b,control,UC3-Health,13.0,pr,1.0,0.9143875122070313,0.9023250937461853,0.925338864326477,0.9888453334607136,5
UCR26b,control,UC3-Health,14.0,ay,1.0,0.7666277686754862,0.7428681254386902,0.7964892387390137,0.9823654934554454,15
UCR26b,control,UC3-Health,14.0,c,1.0,0.7307499368985494,0.6161713004112244,0.7785766124725342,0.9283255773305867,15
UCR26b,control,UC3-Health,14.0,i,2.0,0.8561032334963481,0.8377825021743774,0.8665561676025391,0.9898347700142652,15
UCR26b,control,UC3-Health,14.0,pr,1.0,0.7491218725840251,0.6773854494094849,0.832794189453125,0.9533005662753878,15
UCR26b,treatment,UC1-Health,1.0,ia,2.0,0.9944470604260762,0.9751172065734863,1.0,0.989754159323282,15
UCR26b,treatment,UC1-Health,2.0,ay,2.0,0.8861684203147888,0.8559373617172241,1.0,0.9410309365671361,15
UCR26b,treatment,UC1-Health,2.0,ia,2.0,0.5695293422403007,0.5164240002632141,0.747791051864624,0.9430321367877196,29
UCR26b,treatment,UC1-Health,3.0,ay,1.0,0.9814466198285421,0.9679355025291443,0.9932688474655151,0.9869179169276944,15
UCR26b,treatment,UC1-Health,3.0,c,1.0,0.9996829589207967,0.9976221919059753,1.0,0.9991633307115421,15
UCR26b,treatment,UC1-Health,3.0,i,2.0,0.8766186714172364,0.8686184883117676,0.8857617378234863,0.9911472640188314,15
UCR26b,treatment,UC1-Health,3.0,pr,1.0,0.9886796275774637,0.9792073369026184,0.9927494525909424,0.9949200069383983,15
UCR26b,treatment,UC1-Health,4.0,ay,1.0,0.9390134555952889,0.9245386123657227,0.9768776893615723,0.9881728159845088,14
UCR26b,treatment,UC1-Health,5.0,ay,1.0,0.9244930585225423,0.8932310938835144,0.9365787506103516,0.9825187023281682,15
UCR26b,treatment,UC1-Health,5.0,c,1.0,0.9155719916025797,0.9113820791244507,0.9559853076934814,0.9886306887166064,15
UCR26b,treatment,UC1-Health,5.0,i,2.0,0.8395382801691691,0.8161675333976746,0.8615458011627197,0.9849288060378562,15
UCR26b,treatment,UC1-Health,5.0,pr,1.0,0.906831681728363,0.906831681728363,0.906831681728363,,1
UCR26b,treatment,UC1-Health,6.0,ay,1.0,0.923812202612559,0.9072188138961792,0.9521616101264954,0.9897267266525829,15
UCR26b,treatment,UC1-Health,6.0,i,2.0,0.9479933857917786,0.8916086554527283,0.9746647477149963,0.9610757530495493,10
UCR26b,treatment,UC1-Health,7.0,ay,1.0,0.9268099864323934,0.8905644416809082,0.935947060585022,0.9836097826042709,15
UCR26b,treatment,UC1-Health,7.0,i,2.0,0.8224561897913615,0.729283332824707,0.9574376344680786,0.9271092807629383,75
UCR26b,treatment,UC1-Health,8.0,ay,1.0,0.9932501713434857,0.9764269590377808,1.00000011920929,0.9900693136942433,15
UCR26b,treatment,UC1-Health,8.0,c,1.0,0.9995191693305969,0.9995191693305969,0.9995191693305969,1.0,14
UCR26b,treatment,UC1-Health,8.0,i,2.0,0.9292958378791809,0.9292958378791809,0.9292958378791809,1.0,15
UCR26b,treatment,UC1-Health,9.0,ay,1.0,0.9738543788592021,0.9596338272094727,0.9856874942779541,0.9885454606741195,30
UCR26b,treatment,UC1-Health,9.0,c,1.0,0.9673432846864064,0.9016629457473755,1.0,0.9653988501439548,30
UCR26b,treatment,UC1-Health,9.0,i,1.0,0.8286761045455933,0.7825076580047607,0.8748445510864258,0.9347079567482575,2
UCR26b,treatment,UC1-Health,9.0,i,3.0,0.9778207977612813,0.9777718782424927,0.977828323841095,0.9999801387256869,15
UCR26b,treatment,UC1-Health,9.0,pr,1.0,0.9955411553382874,0.9948294162750244,0.9962528944015503,0.9992752004150091,28
UCR26b,treatment,UC1-Health,10.0,ay,1.0,0.9869629383087158,0.9815161824226379,0.9883347153663635,0.9982057917650418,15
UCR26b,treatment,UC1-Mobile,1.0,ay,1.0,0.9536146422227224,0.815595805644989,0.9863690733909607,0.9461752458096448,12
UCR26b,treatment,UC1-Mobile,1.0,c,1.0,0.9858959515889486,0.9002097845077515,0.9995071887969971,0.9652102913135366,15
UCR26b,treatment,UC1-Mobile,1.0,i,2.0,0.8746440162261327,0.7951492667198181,0.883976936340332,0.9748345276166974,12
UCR26b,treatment,UC1-Mobile,1.0,ia,2.0,0.7663672566413879,0.7598186135292053,0.7669625878334045,0.9979377122561934,12
UCR26b,treatment,UC1-Mobile,2.0,ay,1.0,0.9233013828595479,0.8859851956367493,0.9754353165626526,0.9605834818714138,15
UCR26b,treatment,UC1-Mobile,2.0,c,1.0,0.946793802579244,0.8907815217971802,0.9996898770332336,0.9464613157609089,15
UCR26b,treatment,UC1-Mobile,2.0,ia,2.0,0.5707032829523087,0.5118990540504456,0.6498050093650818,0.9316227982117802,12
UCR26b,treatment,UC1-Mobile,3.0,ay,1.0,0.879303248723348,0.8359382152557373,0.8940473794937134,0.97993039654216,15
UCR26b,treatment,UC1-Mobile,3.0,c,1.0,0.8731613144988105,0.8245642781257629,0.9325522184371948,0.9640725667687184,42
UCR26b,treatment,UC1-Mobile,3.0,i,2.0,0.8559066587024264,0.8471298813819885,0.8943867683410645,0.9851162967199065,9
UCR26b,treatment,UC1-Mobile,3.0,ia,2.0,0.7887257019678752,0.7714163064956665,0.9004025459289551,0.9546572922162944,15
UCR26b,treatment,UC1-Mobile,4.0,ay,1.0,0.9205193258821964,0.8992202877998352,0.9367654323577881,0.9914306617442885,16
UCR26b,treatment,UC1-Mobile,4.0,c,1.0,0.8775368187162611,0.7715739011764526,0.9244281053543091,0.9631237347896071,45
UCR26b,treatment,UC1-Mobile,4.0,i,2.0,0.9318612158298493,0.902980625629425,0.9467443227767944,0.9866093652292235,10
UCR26b,treatment,UC1-Mobile,4.0,ia,2.0,0.797352687517802,0.7714163064956665,0.9024895429611206,0.9463046587975061,15
UCR26b,treatment,UC1-Mobile,5.0,ay,1.0,0.990769871075948,0.9836891889572144,0.9933446645736694,0.9955803247195781,15
UCR26b,treatment,UC1-Mobile,5.0,c,1.0,0.9941636045773824,0.9606293439865112,1.0,0.9869465241245544,15
UCR26b,treatment,UC1-Mobile,5.0,i,2.0,0.9757624311106545,0.9756349325180054,0.976233184337616,0.9998590274816753,14
UCR26b,treatment,UC1-Mobile,5.0,ia,2.0,0.8465856075286865,0.8087936639785767,0.9903379678726196,0.9255944864598824,15
UCR26b,treatment,UC1-Mobile,6.0,ay,3.0,0.7494134157896042,0.6657351851463318,0.9921550750732422,0.8381583992673542,4
UCR26b,treatment,UC1-Mobile,6.0,c,1.0,0.8178046902020772,0.7565919756889343,0.8421480655670166,0.9761509279603453,15
UCR26b,treatment,UC1-Mobile,6.0,i,1.0,0.7940429363931928,0.7399677038192749,0.9718304872512817,0.9206881031302169,14
UCR26b,treatment,UC1-Mobile,7.0,ay,3.0,0.5459264516830444,0.5459264516830444,0.5459264516830444,,1
UCR26b,treatment,UC1-Mobile,7.0,c,1.0,0.9947580099105835,0.988350510597229,1.0,0.9944039549157636,15
UCR26b,treatment,UC1-Mobile,8.0,ay,1.0,0.9932821869850159,0.9931666851043701,0.9943217039108276,0.9996347509831265,10
UCR26b,treatment,UC1-Mobile,8.0,c,1.0,0.9956715027491252,0.9636963605880737,0.9979554414749146,0.9911543433512595,15
UCR26b,treatment,UC1-Mobile,9.0,ay,1.0,0.9776588538113762,0.9041941165924072,0.9965642094612122,0.9723675789095755,17
UCR26b,treatment,UC1-Mobile,9.0,c,1.0,0.9281088511149089,0.9019665718078613,1.00000011920929,0.9551263486840812,15
UCR26b,treatment,UC2-Health,1.0,c,1.0,1.000000238418579,1.000000238418579,1.000000238418579,1.0,15
UCR26b,treatment,UC2-Health,1.0,pr,1.0,0.9995252192020416,0.9990504384040833,1.0,0.9995041076295917,12
UCR26b,treatment,UC2-Health,2.0,ay,1.0,0.956733226776123,0.9023845195770264,0.9606152772903442,0.9849648830092854,15
UCR26b,treatment,UC2-Health,3.0,ay,1.0,0.9444643259048462,0.9444643259048462,0.9444643259048462,1.0,15
UCR26b,treatment,UC2-Health,3.0,c,1.0,0.9277596473693848,0.9277596473693848,0.9277596473693848,1.0,15
UCR26b,treatment,UC2-Health,3.0,pr,1.0,0.9214970469474792,0.9214970469474792,0.9214970469474792,1.0,14
UCR26b,treatment,UC2-Health,4.0,c,1.0,0.9739516377449036,0.9739516377449036,0.9739516377449036,1.0,15
UCR26b,treatment,UC2-Health,5.0,ay,1.0,0.887238343556722,0.8619820475578308,0.9382248520851135,0.9806410109731581,15
UCR26b,treatment,UC2-Health,5.0,c,1.0,0.8786900639533997,0.6541755199432373,0.9945722818374634,0.872251745049856,44
UCR26b,treatment,UC2-Health,5.0,pr,1.0,0.9242779546313815,0.8808963298797607,0.9617969989776611,0.9605802374100395,9
UCR26b,treatment,UC2-Health,6.0,ay,1.0,0.9936471700668335,0.9913676977157593,0.9970663785934448,0.9971102413659304,15
UCR26b,treatment,UC2-Health,6.0,c,1.0,0.9805793364842735,0.9417377710342407,1.00000011920929,0.9715708850829082,15
UCR26b,treatment,UC2-Health,8.0,ay,1.0,0.9953274051348369,0.9840869307518005,0.9999998807907104,0.9956304486544273,15
UCR26b,treatment,UC2-Health,8.0,c,1.0,0.990628965695699,0.986818790435791,0.9955431222915649,0.99649565060262,15
UCR26b,treatment,UC2-Health,8.0,pr,1.0,0.9779765248298645,0.9392321109771729,1.0,0.9803311404711854,10
UCR26b,treatment,UC2-Health,9.0,ay,1.0,0.9998099406560267,0.9971474409103394,1.00000011920929,0.9992634416304051,15
UCR26b,treatment,UC2-Health,9.0,c,1.0,0.9999999403953552,0.9999999403953552,0.9999999403953552,1.0,15
UCR26b,treatment,UC2-Health,9.0,pr,1.0,0.9999999403953552,0.9999999403953552,0.9999999403953552,1.0,15
UCR26b,treatment,UC2-Mobile,1.0,ay,1.0,0.9929591457049052,0.9801165461540222,1.00000011920929,0.9944982871062981,15
UCR26b,treatment,UC2-Mobile,1.0,c,1.0,0.9994086265563965,0.999336838722229,1.0,0.999804772666606,15
UCR26b,treatment,UC2-Mobile,1.0,ia,2.0,0.9174576044082642,0.9136110544204712,0.9372559785842896,0.9915292077581754,15
UCR26b,treatment,UC2-Mobile,2.0,c,1.0,0.9347272400672619,0.8401103615760803,0.9990568161010742,0.9232377472006181,26
UCR26b,treatment,UC2-Mobile,2.0,ia,2.0,0.9524785280227661,0.9524785280227661,0.9524785280227661,1.0,15
UCR26b,treatment,UC2-Mobile,3.0,c,1.0,0.942812904715538,0.8410544395446777,0.9994807243347168,0.925422410394251,24
UCR26b,treatment,UC2-Mobile,3.0,ia,2.0,0.9524785280227661,0.9524785280227661,0.9524785280227661,1.0,15
UCR26b,treatment,UC2-Mobile,4.0,ay,1.0,0.8814357982741462,0.8686826229095459,0.9023004770278931,0.9914191695922273,18
UCR26b,treatment,UC2-Mobile,4.0,c,1.0,0.8923208773136139,0.7923914194107056,0.9925417304039001,0.8983616283279501,30
UCR26b,treatment,UC2-Mobile,4.0,ia,2.0,0.8543493628501893,0.8435777425765991,0.9136110544204712,0.9777529356053255,10
UCR26b,treatment,UC2-Mobile,5.0,ay,3.0,0.8332180678844452,0.6691016554832458,0.9973344802856445,0.7679043437742079,2
UCR26b,treatment,UC2-Mobile,5.0,c,1.0,0.8404330452283223,0.7922682762145996,0.9630249738693237,0.9477758315953282,15
UCR26b,treatment,UC2-Mobile,5.0,i,1.0,0.8489413942609515,0.7399677038192749,0.9718304872512817,0.8882022075313434,14
UCR26b,treatment,UC2-Mobile,6.0,c,1.0,0.920172568410635,0.644514799118042,1.00000011920929,0.8936996328133973,16
UCR26b,treatment,UC2-Mobile,6.0,i,1.0,0.8088019436055963,0.799403727054596,0.9027841091156006,0.9688296420018235,11
UCR26b,treatment,UC2-Mobile,7.0,c,1.0,0.9998674790064493,0.9996024370193481,1.0,0.9998060091290901,15
UCR26b,treatment,UC2-Mobile,7.0,i,1.0,0.9858013391494751,0.9858013391494751,0.9858013391494751,1.0,14
UCR26b,treatment,UC2-Mobile,8.0,ay,1.0,0.924896294871966,0.87738037109375,0.9720655083656311,0.9507300362013031,12
UCR26b,treatment,UC2-Mobile,8.0,c,1.0,0.808407119342259,0.6711790561676025,0.9358049035072327,0.9064599180945001,21
UCR26b,treatment,UC2-Mobile,9.0,ay,1.0,0.977118452390035,0.9761606454849243,0.9775973558425903,0.999170514888254,3
UCR26b,treatment,UC2-Mobile,9.0,c,1.0,0.9971194823582967,0.9968420267105103,0.9981803297996521,0.9995858813273736,15
UCR26b,treatment,UC2-Mobile,10.0,ay,1.0,0.9913034876187642,0.9770542979240417,0.9969068169593811,0.9926287272188344,15
UCR26b,treatment,UC2-Mobile,10.0,c,1.0,0.858443021774292,0.7627116441726685,0.9992440342903137,0.881360614518506,15
UCR26b,treatment,UC2-Mobile,10.0,i,2.0,0.9375592378469614,0.8356642723083496,0.9813356399536133,0.9405606687977233,13
UCR26b,treatment,UC3-Health,1.0,ay,2.0,1.0,1.0,1.0,1.0,15
UCR26b,treatment,UC3-Health,1.0,c,1.0,0.6170016262266371,0.5724014639854431,0.7330798506736755,0.9678541407160527,18
UCR26b,treatment,UC3-Health,1.0,i,2.0,0.6337665766477585,0.5345656871795654,0.6903717517852783,0.9452321198199494,8
UCR26b,treatment,UC3-Health,1.0,ia,2.0,0.989238440990448,0.989238440990448,0.989238440990448,1.0,15
UCR26b,treatment,UC3-Health,2.0,c,1.0,0.9797771692276,0.9797171354293823,0.9798672199249268,0.9999238932700131,15
UCR26b,treatment,UC3-Health,2.0,i,1.0,0.9665615558624268,0.9665615558624268,0.9665615558624268,1.0,15
UCR26b,treatment,UC3-Health,3.0,c,1.0,1.000000238418579,1.000000238418579,1.000000238418579,1.0,15
UCR26b,treatment,UC3-Health,3.0,i,1.0,1.00000011920929,1.00000011920929,1.00000011920929,1.0,15
UCR26b,treatment,UC3-Health,4.0,ay,1.0,0.9900473992029826,0.9840167760848999,0.9904781579971313,0.9983316783640295,15
UCR26b,treatment,UC3-Health,4.0,c,1.0,0.9865013957023621,0.9865013957023621,0.9865013957023621,1.0,15
UCR26b,treatment,UC3-Health,4.0,i,1.0,0.9757967591285706,0.9757967591285706,0.9757967591285706,1.0,15
UCR26b,treatment,UC3-Health,4.0,pr,1.0,0.9737535119056702,0.9737535119056702,0.9737535119056702,1.0,6
UCR26b,treatment,UC3-Health,5.0,ay,1.0,0.853654252158271,0.6707220673561096,1.0,0.8332636374498041,27
UCR26b,treatment,UC3-Health,5.0,c,1.0,0.820407956838608,0.6583083868026733,1.00000011920929,0.8285032757618761,32
UCR26b,treatment,UC3-Health,5.0,i,2.0,0.8100870911564145,0.6100730299949646,0.9815797805786133,0.8123366142003099,28
UCR26b,treatment,UC3-Health,6.0,ay,1.0,0.9424967074394226,0.8948503136634827,0.975725531578064,0.9611333053159675,25
UCR26b,treatment,UC3-Health,6.0,c,1.0,0.9629705309867859,0.9585291147232056,0.9877638816833496,0.9899306282457739,15
UCR26b,treatment,UC3-Health,6.0,i,2.0,0.9724461634953817,0.9611096382141113,0.9744951725006104,0.9956016665053883,15
UCR26b,treatment,UC3-Health,7.0,ay,1.0,0.9932464838027955,0.9887441396713257,1.0,0.9942922370515546,15
UCR26b,treatment,UC3-Health,7.0,c,1.0,0.9999817053476969,0.9997255802154541,1.0,0.9999291451163056,15
UCR26b,treatment,UC3-Health,7.0,i,1.0,0.9807794690132141,0.9772951006889343,0.9831023812294006,0.9970551712856937,15
UCR26b,treatment,UC3-Health,7.0,pr,1.0,0.9991733431816101,0.9991733431816101,0.9991733431816101,1.0,15
UCR26b,treatment,UC3-Health,8.0,c,1.0,0.7932049632072449,0.7932049632072449,0.7932049632072449,1.0,15
UCR26b,treatment,UC3-Health,8.0,i,2.0,0.7793891787528991,0.7666172981262207,0.8033469915390015,0.9823497902008176,15
UCR26b,treatment,UC3-Health,9.0,a,3.0,0.7838305513064067,0.7431795597076416,0.8113744854927063,0.9656289381103609,15
UCR26b,treatment,UC3-Health,9.0,i,1.0,0.9533585906028748,0.9533585906028748,0.9533585906028748,,1
UCR26b,treatment,UC3-Health,10.0,ay,1.0,1.0,1.0,1.0,1.0,15
UCR26b,treatment,UC3-Health,10.0,c,1.0,0.9997943639755249,0.9997943639755249,0.9997943639755249,1.0,15
UCR26b,treatment,UC3-Health,10.0,i,1.0,0.9692506392796835,0.9670542478561401,1.00000011920929,0.9914934125948639,15
UCR26b,treatment,UC3-Health,10.0,pr,1.0,0.9990222454071045,0.9990222454071045,0.9990222454071045,,1
UCR26b,treatment,UC3-Health,11.0,ay,1.0,0.988128662109375,0.988128662109375,0.988128662109375,1.0,15
UCR26b,treatment,UC3-Health,11.0,c,1.0,0.9722894430160522,0.9722894430160522,0.9722894430160522,1.0,15
UCR26b,treatment,UC3-Health,12.0,ay,1.0,1.00000011920929,1.00000011920929,1.00000011920929,1.0,14
UCR26b,treatment,UC3-Health,12.0,c,1.0,1.00000011920929,1.00000011920929,1.00000011920929,1.0,15
UCR26b,treatment,UC3-Health,12.0,i,1.0,0.9839134812355042,0.9839134812355042,0.9839134812355042,1.0,15
UCR26b,treatment,UC3-Health,12.0,pr,1.0,0.999174177646637,0.999174177646637,0.999174177646637,1.0,9
UCR26b,treatment,UC3-Health,13.0,ay,1.0,0.9999999403953552,0.9999999403953552,0.9999999403953552,1.0,14
UCR26b,treatment,UC3-Health,13.0,c,1.0,0.999656081199646,0.999656081199646,0.999656081199646,1.0,15
UCR26b,treatment,UC3-Health,13.0,i,1.0,0.9839827299118042,0.9836198091506958,0.9863417148590088,0.9990422545377203,15
UCR26b,treatment,UC3-Health,13.0,pr,1.0,0.9990066885948181,0.9990066885948181,0.9990066885948181,1.0,14
UCR26b,treatment,UC3-Health,14.0,ay,1.0,0.8480957428614299,0.8247697949409485,0.8834285736083984,0.9846181929695931,15
UCR26b,treatment,UC3-Health,14.0,c,1.0,0.6738472819328308,0.6482486128807068,0.6758928298950195,0.9928752229455935,15
UCR26b,treatment,UC3-Health,14.0,i,2.0,0.8505502899487813,0.8265491724014282,0.9283276796340942,0.9753919358649631,15
UCR26b,treatment,UC3-Health,14.0,pr,1.0,0.8647101362546284,0.8511343598365784,0.9941023588180542,0.9640401647780794,15
UCR26c,control,UC1-Health,1.0,ia,2.0,0.7245389620463053,0.6676716208457947,0.7864193320274353,0.9655014607873398,15
UCR26c,control,UC1-Health,2.0,ay,2.0,0.8137500352329678,0.7106834650039673,0.8273729681968689,0.9613005312358239,9
UCR26c,control,UC1-Health,2.0,ia,2.0,0.5668655775842213,0.539839506149292,0.6744367480278015,0.9549687443156385,21
UCR26c,control,UC1-Health,3.0,ay,1.0,0.9544556935628256,0.9354308843612671,0.9665565490722656,0.9846061648047552,15
UCR26c,control,UC1-Health,3.0,c,1.0,0.9745192527770996,0.9734367728233337,0.9751325249671936,0.9991524107807361,5
UCR26c,control,UC1-Health,3.0,i,2.0,0.7118926698511298,0.6942328214645386,0.8786776065826416,0.961192980711594,22
UCR26c,control,UC1-Health,3.0,pr,1.0,0.8946518898010254,0.8713292479515076,0.9178239703178406,0.9750891980076175,4
UCR26c,control,UC1-Health,4.0,ay,1.0,0.9752203171903436,0.9612430334091187,0.9805954098701477,0.9948060564999179,11
UCR26c,control,UC1-Health,4.0,c,1.0,0.7071386575698853,0.7071386575698853,0.7071386575698853,,1
UCR26c,control,UC1-Health,5.0,ay,1.0,0.9221719185511271,0.9008169174194336,0.9331826567649841,0.9918776142191985,15
UCR26c,control,UC1-Health,5.0,c,1.0,0.9302911639213562,0.9127987027168274,0.9367930889129639,0.9901419511817405,5
UCR26c,control,UC1-Health,5.0,i,2.0,0.7732760595238727,0.5726673603057861,0.8733221888542175,0.9022388003701148,23
UCR26c,control,UC1-Health,6.0,ay,1.0,0.9323214760848454,0.9272189140319824,0.9380829930305481,0.9960228967108546,14
UCR26c,control,UC1-Health,6.0,i,2.0,0.8122082451979319,0.7651392221450806,0.8310515284538269,0.9760940895016793,6
UCR26c,control,UC1-Health,7.0,ay,1.0,0.9200722773869833,0.8898852467536926,0.9280049800872803,0.9907000552456331,15
UCR26c,control,UC1-Health,7.0,i,2.0,0.777356883684794,0.6994414329528809,0.9138004779815674,0.9230447055168465,75
UCR26c,control,UC1-Health,8.0,ay,1.0,0.9552196741104126,0.951980471611023,0.9603501558303833,0.9958983812681025,15
UCR26c,control,UC1-Health,8.0,c,1.0,0.997263741493225,0.9939669370651245,0.9982913732528687,0.9981458367508409,5
UCR26c,control,UC1-Health,8.0,i,2.0,0.9317047238349915,0.9292958378791809,0.9323069453239441,0.9987532830741337,15
UCR26c,control,UC1-Health,8.0,pr,1.0,0.9365772902965546,0.9254369735717773,0.9477176070213318,0.9842452129986883,2
UCR26c,control,UC1-Health,9.0,ay,1.0,0.9217631161212921,0.8576840162277222,0.9595085382461548,0.9744649828985967,30
UCR26c,control,UC1-Health,9.0,c,1.0,0.9799192588904808,0.8519001007080078,0.9970552921295166,0.9720589872482418,29
UCR26c,control,UC1-Health,9.0,i,3.0,0.879006814956665,0.8208793997764587,0.9777718782424927,0.9464447307140521,15
UCR26c,control,UC1-Health,10.0,ay,1.0,0.8910111784934998,0.8213825225830078,0.9606398344039917,0.9015302104815728,2
UCR26c,control,UC1-Health,10.0,c,1.0,0.9227166771888733,0.7961416840553284,0.9872716665267944,0.928363740192904,13
UCR26c,control,UC1-Mobile,1.0,ay,1.0,0.8831234415372212,0.7881102561950684,0.9411294460296631,0.9387737949133204,15
UCR26c,control,UC1-Mobile,1.0,c,1.0,0.9371389190355937,0.8168299198150635,0.9517232179641724,0.9655741751370418,15
UCR26c,control,UC1-Mobile,1.0,i,2.0,0.7785814126332601,0.7084214687347412,0.8564361929893494,0.9411184260258755,15
UCR26c,control,UC1-Mobile,1.0,ia,2.0,0.43197624683380126,0.4195209145545959,0.4714266061782837,0.9795885609514837,15
UCR26c,control,UC1-Mobile,2.0,ay,1.0,0.9304142196973165,0.8155543804168701,0.968830406665802,0.9430599122639025,15
UCR26c,control,UC1-Mobile,2.0,c,1.0,0.9642965078353882,0.80946946144104,0.9993261098861694,0.9413921667071542,15
UCR26c,control,UC1-Mobile,2.0,ia,2.0,0.4373765651668821,0.3739933371543884,0.5665022730827332,0.9476094712424182,14
UCR26c,control,UC1-Mobile,3.0,ay,1.0,0.8652112642923991,0.7922221422195435,0.8867908120155334,0.9766488164617877,15
UCR26c,control,UC1-Mobile,3.0,c,1.0,0.7306868433952332,0.6106357574462891,0.8828508257865906,0.9236985244664231,24
UCR26c,control,UC1-Mobile,3.0,i,2.0,0.6962092052335325,0.5077603459358215,0.8537169098854065,0.9124249350603649,23
UCR26c,control,UC1-Mobile,3.0,ia,2.0,0.5109835845582625,0.4404997825622559,0.5607226490974426,0.9633881446606424,17
UCR26c,control,UC1-Mobile,4.0,ay,1.0,0.9227614743368966,0.8212075233459473,0.9624379873275757,0.96448289253661,14
UCR26c,control,UC1-Mobile,4.0,c,1.0,0.7333077698945999,0.6153355836868286,0.8585280776023865,0.9166218710016198,20
UCR26c,control,UC1-Mobile,4.0,i,2.0,0.7655445702614323,0.501960813999176,0.9185062646865845,0.9113551000756047,31
UCR26c,control,UC1-Mobile,4.0,ia,2.0,0.5221642851829529,0.4353488683700562,0.6177774667739868,0.9469576858716106,21
UCR26c,control,UC1-Mobile,5.0,ay,1.0,0.9311343669891358,0.8904407620429993,0.971898078918457,0.9689655445157078,15
UCR26c,control,UC1-Mobile,5.0,c,1.0,0.8972832333473932,0.6868975162506104,0.9925743341445923,0.9077211790884403,21
UCR26c,control,UC1-Mobile,5.0,i,2.0,0.8746073704499465,0.7553615570068359,0.9762053489685059,0.9325825483354204,13
UCR26c,control,UC1-Mobile,5.0,ia,2.0,0.5062571446100871,0.4666616320610046,0.530379056930542,0.9815245417280976,15
UCR26c,control,UC1-Mobile,6.0,ay,3.0,0.7301271145160382,0.6661679744720459,0.7993104457855225,0.9446023148086988,13
UCR26c,control,UC1-Mobile,6.0,c,1.0,0.7781851689020792,0.7422494888305664,0.8019938468933105,0.9746491709519965,6
UCR26c,control,UC1-Mobile,7.0,c,1.0,0.8114629685878754,0.7134876847267151,0.9319471120834351,0.9283478927323376,16
UCR26c,control,UC1-Mobile,8.0,ay,1.0,0.9681491494178772,0.946412980556488,0.9825749397277832,0.9864947945063983,15
UCR26c,control,UC1-Mobile,8.0,c,1.0,0.9159774581591288,0.8683532476425171,0.99689781665802,0.9697211226327331,15
UCR26c,control,UC1-Mobile,9.0,ay,1.0,0.9438408960898718,0.8944441080093384,0.9591308832168579,0.9802808130157904,12
UCR26c,control,UC1-Mobile,9.0,c,1.0,0.8529550671577454,0.6229308843612671,0.9816654920578003,0.898163604529464,10
UCR26c,control,UC2-Health,1.0,c,1.0,0.9194095651308696,0.9020504951477051,0.9576830863952637,0.9749478907900978,15
UCR26c,control,UC2-Health,1.0,pr,1.0,0.9398130178451538,0.9398130178451538,0.9398130178451538,,1
UCR26c,control,UC2-Health,2.0,ay,1.0,0.8963841398557028,0.8823935389518738,0.9205085039138794,0.9897875169136608,15
UCR26c,control,UC2-Health,3.0,ay,1.0,0.8503853718439738,0.8164819478988647,0.8599044680595398,0.9876102439411658,15
UCR26c,control,UC2-Health,3.0,c,1.0,0.807660068336286,0.6481053829193115,0.8322699069976807,0.9427142194806402,19
UCR26c,control,UC2-Health,3.0,pr,1.0,0.8317726135253907,0.7100718021392822,0.9100655317306519,0.9196584314524984,5
UCR26c,control,UC2-Health,4.0,ay,1.0,0.8315532724062602,0.8247527480125427,0.8372322916984558,0.9961485448641206,15
UCR26c,control,UC2-Health,4.0,c,1.0,0.8770262320836385,0.854947030544281,0.969946026802063,0.954427949421817,15
UCR26c,control,UC2-Health,5.0,ay,1.0,0.8778716166814168,0.7632954120635986,0.9128546714782715,0.9645920517672202,15
UCR26c,control,UC2-Health,5.0,c,1.0,0.9345009615344386,0.6181255578994751,0.9955383539199829,0.9326658519261314,31
UCR26c,control,UC2-Health,5.0,pr,1.0,0.9748245477676392,0.9543642997741699,0.994345486164093,0.9808514382698027,5
UCR26c,control,UC2-Health,6.0,ay,1.0,0.8858478585879008,0.8716740608215332,0.9196366667747498,0.9863986741356633,15
UCR26c,control,UC2-Health,6.0,c,1.0,0.9322133978207906,0.9276968240737915,0.9339479804039001,0.9981722470570632,15
UCR26c,control,UC2-Health,8.0,ay,1.0,0.8853227615356445,0.865873396396637,0.956783652305603,0.9750179484502323,15
UCR26c,control,UC2-Health,8.0,c,1.0,0.9890274484952291,0.986894965171814,0.994178056716919,0.9973740592731829,15
UCR26c,control,UC2-Health,9.0,a,1.0,0.7046353816986084,0.6924632787704468,0.7229605317115784,0.9860898991316418,4
UCR26c,control,UC2-Health,9.0,ay,1.0,0.8907140970230103,0.8808510303497314,0.9262160062789917,0.9896361230462036,15
UCR26c,control,UC2-Health,9.0,c,1.0,0.9754849910736084,0.973278284072876,0.9850962162017822,0.9962544428816036,15
UCR26c,control,UC2-Health,9.0,pr,1.0,0.9189154207706451,0.9057276844978333,0.9258384108543396,0.9907353233940517,4
UCR26c,control,UC2-Mobile,1.0,ay,1.0,0.9582155187924702,0.9546115398406982,0.9637312293052673,0.9974567632851686,15
UCR26c,control,UC2-Mobile,1.0,c,1.0,0.9833362738291422,0.9587492942810059,0.9983792304992676,0.9818790138969493,15
UCR26c,control,UC2-Mobile,1.0,ia,2.0,0.7489905635515849,0.6750187873840332,0.8081823587417603,0.951433450585408,15
UCR26c,control,UC2-Mobile,2.0,c,1.0,0.9309587677319845,0.7081511616706848,0.996985912322998,0.8910676638629142,18
UCR26c,control,UC2-Mobile,2.0,i,2.0,0.6569369196891784,0.5704636573791504,0.8223052024841309,0.9001380636548824,5
UCR26c,control,UC2-Mobile,2.0,ia,2.0,0.7615099284383986,0.5826038718223572,0.8149344325065613,0.9185109308813119,18
UCR26c,control,UC2-Mobile,3.0,c,1.0,0.8772283256053924,0.6203422546386719,0.9968189001083374,0.8606615070538034,20
UCR26c,control,UC2-Mobile,3.0,i,2.0,0.5873610717909676,0.5130017995834351,0.6736464500427246,0.9274818830678835,7
UCR26c,control,UC2-Mobile,3.0,ia,2.0,0.7583451734648811,0.5802960395812988,0.804862916469574,0.919417226357365,18
UCR26c,control,UC2-Mobile,4.0,ay,1.0,0.9019567728042602,0.90171217918396,0.9023236632347107,0.9996899209916856,15
UCR26c,control,UC2-Mobile,4.0,c,1.0,0.9884764552116394,0.9884764552116394,0.9884764552116394,1.0,15
UCR26c,control,UC2-Mobile,4.0,ia,2.0,0.6118651787439983,0.5516181588172913,0.6695793271064758,0.9592003967456806,15
UCR26c,control,UC2-Mobile,5.0,ay,3.0,0.7285788059234619,0.6661679744720459,0.7896586060523987,0.9450412781452188,9
UCR26c,control,UC2-Mobile,5.0,c,1.0,0.7588659048080444,0.6246826648712158,0.8019938468933105,0.9247791343071479,5
UCR26c,control,UC2-Mobile,6.0,ay,3.0,0.6395260691642761,0.6357070207595825,0.6433451175689697,0.994599049950723,2
UCR26c,control,UC2-Mobile,6.0,c,1.0,0.7559354230761528,0.746635913848877,0.7684683203697205,0.9899242641165102,8
UCR26c,control,UC2-Mobile,7.0,ay,3.0,0.6891566276550293,0.6888339519500732,0.6903588771820068,0.9993268315784369,5
UCR26c,control,UC2-Mobile,7.0,c,1.0,0.8982239325841268,0.7855111956596375,0.9903532862663269,0.9333749518282354,15
UCR26c,control,UC2-Mobile,8.0,ay,1.0,0.9449116428693135,0.845268189907074,0.9743455648422241,0.9639258333171604,15
UCR26c,control,UC2-Mobile,8.0,c,1.0,0.7325413760386015,0.6069719791412354,0.8857417106628418,0.916565547603435,38
UCR26c,control,UC2-Mobile,8.0,ia,2.0,0.4882997473080953,0.4193382263183594,0.5559015870094299,0.9552287035145445,12
UCR26c,control,UC2-Mobile,9.0,ay,1.0,0.9710211662145761,0.962060272693634,0.9741249084472656,0.9963501387779224,13
UCR26c,control,UC2-Mobile,9.0,c,1.0,0.9289461062068031,0.746583878993988,0.9900612831115723,0.9012505584303049,21
UCR26c,control,UC2-Mobile,9.0,ia,2.0,0.43283700942993164,0.3473166227340698,0.5183573961257935,0.8790559092753206,2
UCR26c,control,UC2-Mobile,10.0,ay,1.0,0.9561826825141907,0.9263253808021545,0.979882001876831,0.9849861536872037,15
UCR26c,control,UC2-Mobile,10.0,c,1.0,0.8479672372341156,0.8219419717788696,0.9205192923545837,0.9713274389404358,16
UCR26c,control,UC2-Mobile,10.0,i,2.0,0.7580633083979289,0.7130792140960693,0.9332383871078491,0.9463168474891664,30
UCR26c,control,UC2-Mobile,10.0,ia,2.0,0.431988517443339,0.422637403011322,0.4416365027427673,0.9952394202494391,9
UCR26c,control,UC3-Health,1.0,ay,2.0,0.9611323662102222,0.8432061672210693,0.9952506422996521,0.9536782842568979,16
UCR26c,control,UC3-Health,1.0,c,1.0,0.593470021088918,0.5654664635658264,0.6534562110900879,0.9800141841043506,15
UCR26c,control,UC3-Health,1.0,ia,2.0,0.7433090416284708,0.5498770475387573,0.8539891839027405,0.922586015682047,26
UCR26c,control,UC3-Health,2.0,c,1.0,0.7703395205385545,0.5487543940544128,0.8672727346420288,0.8931942940871603,17
UCR26c,control,UC3-Health,3.0,c,1.0,0.9716515690088272,0.7797960638999939,0.9988232851028442,0.9461879306092318,16
UCR26c,control,UC3-Health,3.0,i,2.0,0.634950598080953,0.5471135377883911,0.678668737411499,0.9505962300793961,6
UCR26c,control,UC3-Health,4.0,ay,1.0,0.9671716888745626,0.9641158580780029,0.9684770107269287,0.9986044048731708,15
UCR26c,control,UC3-Health,4.0,c,1.0,0.9900927424430848,0.986461877822876,0.9922925233840942,0.9976876662263121,15
UCR26c,control,UC3-Health,4.0,i,1.0,0.9813090860843658,0.9796604514122009,0.982132613658905,0.9988839661281176,4
UCR26c,control,UC3-Health,4.0,pr,1.0,0.9441337585449219,0.9441337585449219,0.9441337585449219,,1
UCR26c,control,UC3-Health,5.0,ay,1.0,0.819583922624588,0.6753656268119812,0.9739019274711609,0.9178912323633147,18
UCR26c,control,UC3-Health,5.0,c,1.0,0.6891158223152161,0.6297998428344727,0.7484318017959595,0.9161145373528885,2
UCR26c,control,UC3-Health,5.0,i,2.0,0.5982378103903362,0.4833482801914215,0.9534735679626465,0.8675734481757253,42
UCR26c,control,UC3-Health,6.0,ay,1.0,0.9715875029563904,0.943737268447876,0.9885404109954834,0.987013401742318,15
UCR26c,control,UC3-Health,6.0,c,1.0,0.9745117059120765,0.9294933676719666,0.9925906658172607,0.9820428210583496,13
UCR26c,control,UC3-Health,6.0,i,2.0,0.8966372162103653,0.7512331008911133,0.9447711706161499,0.9115390245849299,8
UCR26c,control,UC3-Health,7.0,ay,1.0,0.9725267153519851,0.9548961520195007,0.9763216972351074,0.9946389566111238,13
UCR26c,control,UC3-Health,7.0,c,1.0,0.9913564324378967,0.99016273021698,0.9937438368797302,0.9982525988732928,15
UCR26c,control,UC3-Health,7.0,pr,1.0,0.8968880474567413,0.8256683945655823,0.9681077003479004,0.8992802009738187,2
UCR26c,control,UC3-Health,8.0,c,1.0,0.8193554321924845,0.7914949059486389,0.8844718933105469,0.9688025976210936,15
UCR26c,control,UC3-Health,8.0,i,2.0,0.8315791447957357,0.7678897380828857,0.9413139820098877,0.9342324301870191,15
UCR26c,control,UC3-Health,9.0,a,3.0,0.7919358213742574,0.6215342879295349,0.877322793006897,0.9187629703459497,15
UCR26c,control,UC3-Health,10.0,ay,1.0,0.9507198532422384,0.9376868009567261,0.9596056938171387,0.991332648375945,15
UCR26c,control,UC3-Health,10.0,c,1.0,0.9876329779624939,0.9827555418014526,0.9902091026306152,0.9968957334676835,15
UCR26c,control,UC3-Health,10.0,i,1.0,0.9647087029048375,0.9520919322967529,0.9707146883010864,0.9923943211467359,7
UCR26c,control,UC3-Health,11.0,ay,1.0,0.955258866151174,0.9335017800331116,0.9650924205780029,0.9891025329293195,15
UCR26c,control,UC3-Health,11.0,c,1.0,0.9655334671338399,0.9592810869216919,0.9813897609710693,0.9930465872711604,15
UCR26c,control,UC3-Health,11.0,pr,1.0,0.9208423495292664,0.8968366384506226,0.9504086375236511,0.9804106801532968,5
UCR26c,control,UC3-Health,12.0,ay,1.0,0.9664662718772888,0.9551587104797363,0.9747006893157959,0.9929350794593244,10
UCR26c,control,UC3-Health,12.0,c,1.0,0.9794691761334737,0.978260338306427,0.9926621317863464,0.9962923663775219,15
UCR26c,control,UC3-Health,12.0,i,1.0,0.9749733209609985,0.9725457429885864,0.9774008989334106,0.9965668863076966,2
UCR26c,control,UC3-Health,12.0,pr,1.0,0.923884391784668,0.9139057993888855,0.9398123621940613,0.9874331271284255,9
UCR26c,control,UC3-Health,13.0,ay,1.0,0.9581226060787836,0.9363723993301392,0.9700980186462402,0.9906457801379648,12
UCR26c,control,UC3-Health,13.0,c,1.0,0.9751679420471191,0.9684027433395386,0.9880790710449219,0.9905496186172154,15
UCR26c,control,UC3-Health,13.0,pr,1.0,0.9276996850967407,0.9023250937461853,0.96039879322052,0.9812494343946134,7
UCR26c,control,UC3-Health,14.0,ay,1.0,0.7574668725331625,0.7169772982597351,0.8603640794754028,0.9662829953365741,15
UCR26c,control,UC3-Health,14.0,c,1.0,0.75441849604249,0.6161712408065796,0.7892408967018127,0.9510570622509267,16
UCR26c,control,UC3-Health,14.0,i,2.0,0.838331151008606,0.7485476732254028,0.8691811561584473,0.9585161369037832,15
UCR26c,control,UC3-Health,14.0,pr,1.0,0.7467703734125409,0.6615698933601379,0.8199626207351685,0.9574798835127497,14
UCR26c,treatment,UC1-Health,1.0,ia,2.0,0.9967992385228475,0.971783459186554,1.0,0.9925386692222342,15
UCR26c,treatment,UC1-Health,2.0,ay,2.0,0.8960837761561076,0.8559373617172241,1.0,0.9350778210500724,15
UCR26c,treatment,UC1-Health,2.0,ia,2.0,0.5668981512387593,0.4926633834838867,0.6605762243270874,0.950419416867929,30
UCR26c,treatment,UC1-Health,3.0,ay,1.0,0.988202178478241,0.9679355025291443,0.9932688474655151,0.9895109986938823,15
UCR26c,treatment,UC1-Health,3.0,c,1.0,0.9990231831868489,0.9976221919059753,1.0,0.9988119704893138,15
UCR26c,treatment,UC1-Health,3.0,i,2.0,0.8720471382141113,0.8686184883117676,0.8857617378234863,0.9929020203620501,15
UCR26c,treatment,UC1-Health,3.0,pr,1.0,0.9847902377446492,0.9721176624298096,0.9927494525909424,0.9933086884108913,15
UCR26c,treatment,UC1-Health,4.0,ay,1.0,0.9418381055196127,0.9245386123657227,0.9888355731964111,0.9814207788990619,15
UCR26c,treatment,UC1-Health,5.0,ay,1.0,0.9253249883651733,0.8881050944328308,0.9434295892715454,0.9818416396071161,15
UCR26c,treatment,UC1-Health,5.0,c,1.0,0.9147547165552775,0.9090110063552856,0.9557238221168518,0.9885327575225523,15
UCR26c,treatment,UC1-Health,5.0,i,2.0,0.8418337980906169,0.8161675333976746,0.8675857782363892,0.9829057137520038,15
UCR26c,treatment,UC1-Health,5.0,pr,1.0,0.8773072163263956,0.8511806130409241,0.9295604228973389,0.9547473956803673,3
UCR26c,treatment,UC1-Health,6.0,ay,1.0,0.919396562235696,0.9031060934066772,0.9306052327156067,0.9923306869550527,14
UCR26c,treatment,UC1-Health,6.0,i,2.0,0.9390654563903809,0.8916086554527283,0.9746647477149963,0.9603927791100456,8
UCR26c,treatment,UC1-Health,7.0,ay,1.0,0.9096948146820069,0.8171557784080505,0.935947060585022,0.9692042516643897,15
UCR26c,treatment,UC1-Health,7.0,i,2.0,0.8151910336812337,0.729283332824707,0.9574376344680786,0.9239953336964433,75
UCR26c,treatment,UC1-Health,8.0,ay,1.0,0.9919555703798932,0.9764269590377808,1.00000011920929,0.9897514356258162,15
UCR26c,treatment,UC1-Health,8.0,c,1.0,0.9994994444506509,0.9992430210113525,0.9995191693305969,0.9999261962572468,14
UCR26c,treatment,UC1-Health,8.0,i,2.0,0.9292958378791809,0.9292958378791809,0.9292958378791809,1.0,15
UCR26c,treatment,UC1-Health,9.0,ay,1.0,0.9733939965566,0.9586955308914185,0.9856874942779541,0.9888439852917079,30
UCR26c,treatment,UC1-Health,9.0,c,1.0,0.9690428150111231,0.9008543491363525,1.0,0.967059587317567,29
UCR26c,treatment,UC1-Health,9.0,i,3.0,0.9778095086415609,0.9777718782424927,0.977828323841095,0.9999724573681033,15
UCR26c,treatment,UC1-Health,9.0,pr,1.0,0.9956551611423492,0.9948294162750244,0.9963791370391846,0.9993015235669671,30
UCR26c,treatment,UC1-Health,10.0,ay,1.0,0.9860735456148784,0.9815161824226379,0.9883347153663635,0.9972738700133215,15
UCR26c,treatment,UC1-Mobile,1.0,ay,1.0,0.9346652269363404,0.8013092279434204,0.9855483770370483,0.9243191945131184,10
UCR26c,treatment,UC1-Mobile,1.0,c,1.0,0.9827518264452616,0.9002097845077515,0.9995071887969971,0.9651564900481122,15
UCR26c,treatment,UC1-Mobile,1.0,i,2.0,0.8639422059059143,0.802078127861023,0.8829706907272339,0.9673223353686354,10
UCR26c,treatment,UC1-Mobile,1.0,ia,2.0,0.7669625878334045,0.7669625878334045,0.7669625878334045,1.0,10
UCR26c,treatment,UC1-Mobile,2.0,ay,1.0,0.9227691650390625,0.8859851956367493,0.991626501083374,0.9578427165477988,15
UCR26c,treatment,UC1-Mobile,2.0,c,1.0,0.9348488807678222,0.8907815217971802,1.0,0.9520482127796088,15
UCR26c,treatment,UC1-Mobile,2.0,ia,2.0,0.5319283174143897,0.3890864551067352,0.6498050093650818,0.9141016973648145,9
UCR26c,treatment,UC1-Mobile,3.0,ay,1.0,0.8705518280758577,0.8309893012046814,0.9112448692321777,0.9755509277785029,17
UCR26c,treatment,UC1-Mobile,3.0,c,1.0,0.8670603264780605,0.7527928352355957,0.928105354309082,0.9610899715986793,34
UCR26c,treatment,UC1-Mobile,3.0,i,2.0,0.8632683753967285,0.8398025631904602,0.9207481741905212,0.9710017893446787,12
UCR26c,treatment,UC1-Mobile,3.0,ia,2.0,0.797324784596761,0.7714163064956665,0.9004025459289551,0.946650481952346,15
UCR26c,treatment,UC1-Mobile,4.0,ay,1.0,0.9138755537569523,0.8932997584342957,0.9467958211898804,0.9839240140106348,16
UCR26c,treatment,UC1-Mobile,4.0,c,1.0,0.8739632410662515,0.7715739011764526,0.9183061122894287,0.9597659966525655,42
UCR26c,treatment,UC1-Mobile,4.0,i,2.0,0.9106030315160751,0.8405501842498779,0.9467443227767944,0.9691030314534199,12
UCR26c,treatment,UC1-Mobile,4.0,ia,2.0,0.8061463276545207,0.7714163064956665,0.9004025459289551,0.94116273319233,15
UCR26c,treatment,UC1-Mobile,5.0,ay,1.0,0.989874788125356,0.9825788736343384,0.9966532588005066,0.9949658964626992,15
UCR26c,treatment,UC1-Mobile,5.0,c,1.0,0.9889189441998799,0.9608778953552246,1.0,0.9828867934009222,15
UCR26c,treatment,UC1-Mobile,5.0,i,2.0,0.9757749756177266,0.9753023982048035,0.976233184337616,0.9997190012431687,15
UCR26c,treatment,UC1-Mobile,5.0,ia,2.0,0.8352024157842001,0.8066755533218384,0.9903379678726196,0.9368054092317927,15
UCR26c,treatment,UC1-Mobile,6.0,ay,3.0,0.7390531500180563,0.6411676406860352,0.9952688217163086,0.8598198376064548,6
UCR26c,treatment,UC1-Mobile,6.0,c,1.0,0.833732807636261,0.7526081800460815,0.9630249738693237,0.9286564717325041,15
UCR26c,treatment,UC1-Mobile,6.0,i,1.0,0.8174219131469727,0.6830237507820129,0.9718304872512817,0.8810611043858217,12
UCR26c,treatment,UC1-Mobile,7.0,ay,3.0,0.683574914932251,0.5479661822319031,0.8191836476325989,0.8082202910389402,2
UCR26c,treatment,UC1-Mobile,7.0,c,1.0,0.9954353849093119,0.9882864952087402,1.0,0.9945274911786021,15
UCR26c,treatment,UC1-Mobile,8.0,ay,1.0,0.9935673475265503,0.9920766353607178,0.997215986251831,0.9986831039678405,12
UCR26c,treatment,UC1-Mobile,8.0,c,1.0,0.995641275246938,0.962750256061554,0.9982699155807495,0.9909001924913926,15
UCR26c,treatment,UC1-Mobile,9.0,ay,1.0,0.9803625009953976,0.8580509424209595,0.9965642094612122,0.9664244384369846,16
UCR26c,treatment,UC1-Mobile,9.0,c,1.0,0.9651045799255373,0.9019665718078613,1.00000011920929,0.957014531266498,15
UCR26c,treatment,UC2-Health,1.0,c,1.0,1.000000238418579,1.000000238418579,1.000000238418579,1.0,15
UCR26c,treatment,UC2-Health,1.0,pr,1.0,0.9991691336035728,0.9990504384040833,1.0,0.9996642792781865,8
UCR26c,treatment,UC2-Health,2.0,ay,1.0,0.9422715822855632,0.8899164199829102,0.9953327178955078,0.9714893504681618,15
UCR26c,treatment,UC2-Health,3.0,ay,1.0,0.9440640211105347,0.9424628019332886,0.9444643259048462,0.9991712903446179,15
UCR26c,treatment,UC2-Health,3.0,c,1.0,0.9273853619893392,0.9263560771942139,0.9277596473693848,0.9993575330046954,15
UCR26c,treatment,UC2-Health,3.0,pr,1.0,0.9214970469474792,0.9214970469474792,0.9214970469474792,1.0,10
UCR26c,treatment,UC2-Health,4.0,c,1.0,0.9739516377449036,0.9739516377449036,0.9739516377449036,1.0,15
UCR26c,treatment,UC2-Health,5.0,ay,1.0,0.8747982899347941,0.7233325839042664,0.9604915380477905,0.9334029907950712,15
UCR26c,treatment,UC2-Health,5.0,c,1.0,0.8692777832349141,0.6101199388504028,0.9959388971328735,0.8698098180207527,45
UCR26c,treatment,UC2-Health,5.0,pr,1.0,0.9856544584035873,0.9617969989776611,0.9942404627799988,0.985344751508734,8
UCR26c,treatment,UC2-Health,6.0,ay,1.0,0.9869101444880167,0.9183920621871948,0.9970663785934448,0.9808758229269607,15
UCR26c,treatment,UC2-Health,6.0,c,1.0,0.9726376811663312,0.9391376376152039,1.00000011920929,0.9697148035688897,15
UCR26c,treatment,UC2-Health,8.0,ay,1.0,0.9817068020502726,0.8663443922996521,0.9999998807907104,0.966311936645852,15
UCR26c,treatment,UC2-Health,8.0,c,1.0,0.9835304021835327,0.8888440132141113,0.9963697195053101,0.9735879253941778,15
UCR26c,treatment,UC2-Health,8.0,pr,1.0,0.9506116594587054,0.916898250579834,0.981221079826355,0.9793911842086248,7
UCR26c,treatment,UC2-Health,9.0,ay,1.0,0.9871549494564535,0.8772837519645691,1.00000011920929,0.9693479205683573,16
UCR26c,treatment,UC2-Health,9.0,c,1.0,0.9994077881177267,0.9950710535049438,0.9999999403953552,0.9984264777638739,15
UCR26c,treatment,UC2-Health,9.0,pr,1.0,0.999462577012869,0.9978883862495422,0.9999999403953552,0.9993256920246563,13
UCR26c,treatment,UC2-Mobile,1.0,ay,1.0,0.9879764755566914,0.9801165461540222,0.9948539137840271,0.992389656080274,15
UCR26c,treatment,UC2-Mobile,1.0,c,1.0,0.9994664748509725,0.999336838722229,1.0,0.9997549868178942,15
UCR26c,treatment,UC2-Mobile,1.0,ia,2.0,0.9196191430091858,0.7741818428039551,0.9466192722320557,0.9584112094677212,15
UCR26c,treatment,UC2-Mobile,2.0,c,1.0,0.9569125175476074,0.8401103615760803,0.9994807243347168,0.9322708873084735,21
UCR26c,treatment,UC2-Mobile,2.0,ia,2.0,0.9524785280227661,0.9524785280227661,0.9524785280227661,1.0,15
UCR26c,treatment,UC2-Mobile,3.0,c,1.0,0.9888477697968483,0.8410544395446777,0.9990568161010742,0.9605819973874046,16
UCR26c,treatment,UC2-Mobile,3.0,ia,2.0,0.9524785280227661,0.9524785280227661,0.9524785280227661,1.0,15
UCR26c,treatment,UC2-Mobile,4.0,ay,1.0,0.881858636935552,0.8686826229095459,0.943346381187439,0.9837775111068415,24
UCR26c,treatment,UC2-Mobile,4.0,c,1.0,0.8922544995943705,0.7923914194107056,0.9927358627319336,0.8984289704922174,30
UCR26c,treatment,UC2-Mobile,4.0,ia,2.0,0.8584927320480347,0.8314651250839233,0.8965088725090027,0.9716357476083723,4
UCR26c,treatment,UC2-Mobile,5.0,ay,3.0,0.7281960129737854,0.6550686359405518,0.9921550750732422,0.8523259607555748,5
UCR26c,treatment,UC2-Mobile,5.0,c,1.0,0.8303655854293278,0.7526081800460815,0.9630249738693237,0.9401769033562951,14
UCR26c,treatment,UC2-Mobile,5.0,i,1.0,0.8338174290127225,0.6879605054855347,0.9718304872512817,0.8832412214464009,9
UCR26c,treatment,UC2-Mobile,6.0,ay,3.0,0.6423947930335998,0.5348283052444458,0.6919589042663574,0.9382067034547967,5
UCR26c,treatment,UC2-Mobile,6.0,c,1.0,0.8469647282645816,0.6400898694992065,1.00000011920929,0.8565204234628903,21
UCR26c,treatment,UC2-Mobile,6.0,i,1.0,0.799403727054596,0.799403727054596,0.799403727054596,1.0,2
UCR26c,treatment,UC2-Mobile,7.0,ay,3.0,0.8095722496509552,0.7825630903244019,0.8365814089775085,0.9618032805720925,2
UCR26c,treatment,UC2-Mobile,7.0,c,1.0,0.9999430418014527,0.9995431900024414,1.0,0.9998492712579007,15
UCR26c,treatment,UC2-Mobile,7.0,i,1.0,0.9858013391494751,0.9858013391494751,0.9858013391494751,1.0,15
UCR26c,treatment,UC2-Mobile,8.0,ay,1.0,0.9101621508598328,0.8344221115112305,0.9720655083656311,0.9476871355336141,12
UCR26c,treatment,UC2-Mobile,8.0,c,1.0,0.7852932160550897,0.6705732941627502,0.9358049035072327,0.9155224920000408,22
UCR26c,treatment,UC2-Mobile,9.0,ay,1.0,0.9825635194778443,0.9775973558425903,0.9990111589431763,0.9907844510108496,5
UCR26c,treatment,UC2-Mobile,9.0,c,1.0,0.9972314079602559,0.9962602257728577,0.9981803297996521,0.9994182707230697,15
UCR26c,treatment,UC2-Mobile,10.0,ay,1.0,0.9936809301376343,0.9810671806335449,0.9969068169593811,0.9954491002261155,15
UCR26c,treatment,UC2-Mobile,10.0,c,1.0,0.8527744677331712,0.7627116441726685,0.999629557132721,0.8940494394538576,18
UCR26c,treatment,UC2-Mobile,10.0,i,2.0,0.9554787618773324,0.8356642723083496,0.9813356399536133,0.9625817794997272,14
UCR26c,treatment,UC3-Health,1.0,ay,2.0,1.0,1.0,1.0,1.0,15
UCR26c,treatment,UC3-Health,1.0,c,1.0,0.6109219392140707,0.5984225869178772,0.6161679029464722,0.9939174061506927,15
UCR26c,treatment,UC3-Health,1.0,i,2.0,0.6387273289940574,0.5345656871795654,0.7531439065933228,0.9437315315318493,11
UCR26c,treatment,UC3-Health,1.0,ia,2.0,0.989238440990448,0.989238440990448,0.989238440990448,1.0,15
UCR26c,treatment,UC3-Health,2.0,c,1.0,0.9798126300175984,0.9797171354293823,0.979948878288269,0.9999167107649775,15
UCR26c,treatment,UC3-Health,2.0,i,1.0,0.9665615558624268,0.9665615558624268,0.9665615558624268,1.0,15
UCR26c,treatment,UC3-Health,3.0,c,1.0,1.000000238418579,1.000000238418579,1.000000238418579,1.0,15
UCR26c,treatment,UC3-Health,3.0,i,1.0,1.00000011920929,1.00000011920929,1.00000011920929,1.0,15
UCR26c,treatment,UC3-Health,4.0,ay,1.0,0.988258923803057,0.9801217317581177,0.9904781579971313,0.9955900751129865,14
UCR26c,treatment,UC3-Health,4.0,c,1.0,0.9865920861562093,0.9865013957023621,0.9878617525100708,0.9996487573825896,15
UCR26c,treatment,UC3-Health,4.0,i,1.0,0.9757967591285706,0.9757967591285706,0.9757967591285706,1.0,15
UCR26c,treatment,UC3-Health,4.0,pr,1.0,0.9737535119056702,0.9737535119056702,0.9737535119056702,1.0,13
UCR26c,treatment,UC3-Health,5.0,ay,1.0,0.8547762560844422,0.6642548441886902,1.0,0.8484747593458981,25
UCR26c,treatment,UC3-Health,5.0,c,1.0,0.8090614597002667,0.6339237093925476,1.000000238418579,0.8362795605729586,30
UCR26c,treatment,UC3-Health,5.0,i,2.0,0.8206348626509957,0.6050241589546204,0.9815797805786133,0.8213382357578155,23
UCR26c,treatment,UC3-Health,6.0,ay,1.0,0.952787887482416,0.8929671049118042,0.9864072799682617,0.9626092958196208,21
UCR26c,treatment,UC3-Health,6.0,c,1.0,0.9694656888643901,0.9585291147232056,0.9934346675872803,0.9849119333976132,15
UCR26c,treatment,UC3-Health,6.0,i,2.0,0.9732829968134562,0.9621437788009644,0.9740786552429199,0.9969184281534176,15
UCR26c,treatment,UC3-Health,7.0,ay,1.0,0.9969984372456868,0.9887441396713257,1.0,0.9948477682891412,15
UCR26c,treatment,UC3-Health,7.0,c,1.0,0.9999634106953939,0.9997255802154541,1.0,0.9999034410697601,15
UCR26c,treatment,UC3-Health,7.0,i,1.0,0.9815537730852762,0.9772951006889343,0.9831023812294006,0.9973417887144334,15
UCR26c,treatment,UC3-Health,7.0,pr,1.0,0.9993386507034302,0.9991733431816101,0.9999998807907104,0.9996577809174753,15
UCR26c,treatment,UC3-Health,8.0,c,1.0,0.793182373046875,0.7900193929672241,0.7960516810417175,0.9988584470022619,15
UCR26c,treatment,UC3-Health,8.0,i,2.0,0.7828951239585876,0.7666172981262207,0.8033469915390015,0.9824570923930024,15
UCR26c,treatment,UC3-Health,9.0,a,3.0,0.7948700070381165,0.7431795597076416,0.8686829209327698,0.9496346331896279,15
UCR26c,treatment,UC3-Health,10.0,ay,1.0,0.9995783726374309,0.9936755895614624,1.0,0.9983670442464643,15
UCR26c,treatment,UC3-Health,10.0,c,1.0,0.9997456709543864,0.9994137287139893,1.00000011920929,0.9998141131517749,15
UCR26c,treatment,UC3-Health,10.0,i,1.0,0.9699871460596721,0.9670542478561401,1.00000011920929,0.9912231979284181,15
UCR26c,treatment,UC3-Health,10.0,pr,1.0,0.9991619416645595,0.9990222454071045,1.00000011920929,0.9996303984436874,7
UCR26c,treatment,UC3-Health,11.0,ay,1.0,0.9885329842567444,0.988128662109375,0.9941934943199158,0.9984340670567355,15
UCR26c,treatment,UC3-Health,11.0,c,1.0,0.9731452981630961,0.9672493934631348,0.9916641116142273,0.9947158406858686,15
UCR26c,treatment,UC3-Health,11.0,i,1.0,0.9548197984695435,0.9548197984695435,0.9548197984695435,1.0,2
UCR26c,treatment,UC3-Health,11.0,pr,1.0,0.9520925283432007,0.9520925283432007,0.9520925283432007,,1
UCR26c,treatment,UC3-Health,12.0,ay,1.0,0.9994119087855025,0.9955885410308838,1.00000011920929,0.9984477166240711,15
UCR26c,treatment,UC3-Health,12.0,c,1.0,1.00000011920929,1.00000011920929,1.00000011920929,1.0,15
UCR26c,treatment,UC3-Health,12.0,i,1.0,0.9844161152839661,0.9839134812355042,0.9864266514778137,0.9989594486626109,15
UCR26c,treatment,UC3-Health,12.0,pr,1.0,0.999174177646637,0.999174177646637,0.999174177646637,1.0,13
UCR26c,treatment,UC3-Health,13.0,ay,1.0,0.9990786084761987,0.9940112829208374,0.9999999403953552,0.9977510566531913,13
UCR26c,treatment,UC3-Health,13.0,c,1.0,0.999656081199646,0.999656081199646,0.999656081199646,1.0,15
UCR26c,treatment,UC3-Health,13.0,i,1.0,0.9809816320737202,0.9413252472877502,0.9863417148590088,0.9890070182794356,15
UCR26c,treatment,UC3-Health,13.0,pr,1.0,0.9990066885948181,0.9990066885948181,0.9990066885948181,1.0,15
UCR26c,treatment,UC3-Health,14.0,ay,1.0,0.8682403117418289,0.8096084594726562,0.9346193075180054,0.9630305267521909,16
UCR26c,treatment,UC3-Health,14.0,c,1.0,0.6761180639266968,0.6758928298950195,0.6775820851325989,0.9994056088961927,15
UCR26c,treatment,UC3-Health,14.0,i,2.0,0.8492483933766682,0.6878952980041504,0.9280052185058594,0.9260372601479865,15
UCR26c,treatment,UC3-Health,14.0,pr,1.0,0.8643706123034159,0.843925952911377,0.997948169708252,0.9628320846319505,15
UCR26d,control,UC1-Health,1.0,ia,2.0,0.7332998551428318,0.6943002939224243,0.7864193320274353,0.974957175970391,16
UCR26d,control,UC1-Health,2.0,ay,2.0,0.8292557434602217,0.8240470886230469,0.8429561853408813,0.9946487264265313,11
UCR26d,control,UC1-Health,2.0,ia,2.0,0.5553486802998711,0.5402845144271851,0.6118154525756836,0.9718838014751551,17
UCR26d,control,UC1-Health,3.0,ay,1.0,0.9071065573131337,0.5090928077697754,0.9665565490722656,0.8750804598488316,17
UCR26d,control,UC1-Health,3.0,c,1.0,0.9749569892883301,0.974605917930603,0.9751325249671936,0.9997280612956385,6
UCR26d,control,UC1-Health,3.0,i,2.0,0.7083761662244796,0.6828960180282593,0.8701592683792114,0.9610966273124398,20
UCR26d,control,UC1-Health,3.0,pr,1.0,0.8970862030982971,0.8680640459060669,0.9261083602905273,0.9589564716894241,2
UCR26d,control,UC1-Health,4.0,ay,1.0,0.9631739727088383,0.9218274354934692,0.9797916412353516,0.9794676958487202,14
UCR26d,control,UC1-Health,4.0,c,1.0,0.8518731594085693,0.8400084972381592,0.8637378215789795,0.983220833845631,2
UCR26d,control,UC1-Health,5.0,ay,1.0,0.9230520288149516,0.9115695953369141,0.9452283382415771,0.9911167843729197,15
UCR26d,control,UC1-Health,5.0,c,1.0,0.9359317779541015,0.8995343446731567,0.9543873071670532,0.9785533049280185,5
UCR26d,control,UC1-Health,5.0,i,2.0,0.7992521083873251,0.6315337419509888,0.8839278221130371,0.9258428494237203,23
UCR26d,control,UC1-Health,6.0,ay,1.0,0.9329182227452596,0.9270212650299072,0.9397188425064087,0.9957772833706445,15
UCR26d,control,UC1-Health,6.0,i,2.0,0.7913521329561869,0.7646108865737915,0.8165608644485474,0.9739911264812748,3
UCR26d,control,UC1-Health,7.0,ay,1.0,0.9200882355372111,0.8898852467536926,0.9245578050613403,0.9909199555524991,15
UCR26d,control,UC1-Health,7.0,i,2.0,0.778620859781901,0.6999713182449341,0.9138004779815674,0.9233139499484218,75
UCR26d,control,UC1-Health,8.0,ay,1.0,0.9579346021016438,0.9518179893493652,0.9603501558303833,0.9962680527049927,15
UCR26d,control,UC1-Health,8.0,c,1.0,0.9954280455907186,0.993281364440918,0.9984728097915649,0.9977829029327082,6
UCR26d,control,UC1-Health,8.0,i,2.0,0.9321062048276265,0.9292958378791809,0.9323069453239441,0.9992225354008527,15
UCR26d,control,UC1-Health,8.0,pr,1.0,0.9102325439453125,0.9102325439453125,0.9102325439453125,,1
UCR26d,control,UC1-Health,9.0,ay,1.0,0.9158308486143748,0.8576840162277222,0.9719486832618713,0.9673800516421911,30
UCR26d,control,UC1-Health,9.0,c,1.0,0.9678139871564405,0.8457524180412292,0.9970552921295166,0.9543282776595403,29
UCR26d,control,UC1-Health,9.0,i,3.0,0.8759603182474772,0.8371240496635437,0.9777718782424927,0.9553197599803838,15
UCR26d,control,UC1-Health,10.0,ay,1.0,0.9257894873619079,0.8054521679878235,0.9607881307601929,0.9324460522743565,5
UCR26d,control,UC1-Health,10.0,c,1.0,0.922024130821228,0.7697208523750305,0.9775060415267944,0.9242788646337234,10
UCR26d,control,UC1-Health,10.0,i,1.0,0.9399678707122803,0.9399678707122803,0.9399678707122803,,1
UCR26d,control,UC1-Mobile,1.0,ay,1.0,0.8627903739611308,0.7749652862548828,0.9419248104095459,0.9306224798279814,15
UCR26d,control,UC1-Mobile,1.0,c,1.0,0.9090899268786112,0.7455639243125916,0.9567126035690308,0.9296093556639888,15
UCR26d,control,UC1-Mobile,1.0,i,2.0,0.7788431843121847,0.5980257987976074,0.8599328398704529,0.9173712284643114,15
UCR26d,control,UC1-Mobile,1.0,ia,2.0,0.45090045730272926,0.4195209145545959,0.4940387904644012,0.9727392394473844,15
UCR26d,control,UC1-Mobile,2.0,ay,1.0,0.9308632294336955,0.8227686882019043,0.9601390957832336,0.9471153949281598,15
UCR26d,control,UC1-Mobile,2.0,c,1.0,0.9704505403836569,0.8942117691040039,0.9993261098861694,0.9603476157018741,15
UCR26d,control,UC1-Mobile,2.0,ia,2.0,0.4683734178543091,0.4109844565391541,0.5665022730827332,0.9480056302327138,11
UCR26d,control,UC1-Mobile,3.0,ay,1.0,0.8577390551567078,0.7922221422195435,0.8860001564025879,0.9733972959784122,15
UCR26d,control,UC1-Mobile,3.0,c,1.0,0.7294693433720133,0.6153355836868286,0.8757731318473816,0.9213033899600431,23
UCR26d,control,UC1-Mobile,3.0,i,2.0,0.6981867286894057,0.5182865858078003,0.8456946611404419,0.9205880581366545,27
UCR26d,control,UC1-Mobile,3.0,ia,2.0,0.5362942814826965,0.4933748841285706,0.5876522064208984,0.971159915254634,17
UCR26d,control,UC1-Mobile,4.0,ay,1.0,0.9284926056861877,0.9107680320739746,0.9548429846763611,0.9882519137208137,15
UCR26d,control,UC1-Mobile,4.0,c,1.0,0.737171837261745,0.6052817106246948,0.8551375865936279,0.9359200548335225,21
UCR26d,control,UC1-Mobile,4.0,i,2.0,0.7426906250141285,0.3737868070602417,0.9204835295677185,0.8825543603104333,27
UCR26d,control,UC1-Mobile,4.0,ia,2.0,0.5342069864273071,0.4405586123466492,0.6119037866592407,0.9530597069062412,18
UCR26d,control,UC1-Mobile,5.0,ay,1.0,0.9430989543596904,0.9000087976455688,0.9747799634933472,0.9686984272638672,15
UCR26d,control,UC1-Mobile,5.0,c,1.0,0.9327988940126756,0.6865887641906738,0.9955049157142639,0.9320211398668153,17
UCR26d,control,UC1-Mobile,5.0,i,2.0,0.8832519292831421,0.7688001394271851,0.9713075757026672,0.9418840588223123,15
UCR26d,control,UC1-Mobile,5.0,ia,2.0,0.5019816398620606,0.4370903074741364,0.530379056930542,0.9733450464495066,15
UCR26d,control,UC1-Mobile,6.0,ay,3.0,0.7287017554044724,0.666212797164917,0.805107057094574,0.9494251619849223,12
UCR26d,control,UC1-Mobile,6.0,c,1.0,0.7929812431335449,0.7872645258903503,0.8019938468933105,0.993724996223238,5
UCR26d,control,UC1-Mobile,7.0,c,1.0,0.8002686375065854,0.5904520750045776,0.8969117403030396,0.930819807474119,19
UCR26d,control,UC1-Mobile,8.0,ay,1.0,0.9581674734751383,0.9401603937149048,0.9809573888778687,0.9871962765385236,15
UCR26d,control,UC1-Mobile,8.0,c,1.0,0.8918265104293823,0.8655385375022888,0.9438066482543945,0.9758737760511913,15
UCR26d,control,UC1-Mobile,9.0,ay,1.0,0.9559209988667414,0.9290328025817871,0.9685061573982239,0.9902716688899615,13
UCR26d,control,UC1-Mobile,9.0,c,1.0,0.8650809109210968,0.6747830510139465,0.9922010898590088,0.8743748194877355,10
UCR26d,control,UC2-Health,1.0,c,1.0,0.9184460004170736,0.9020504951477051,0.9576830863952637,0.9775209495536609,15
UCR26d,control,UC2-Health,2.0,ay,1.0,0.8974286437034606,0.8721057176589966,0.9402233362197876,0.9821578109664055,15
UCR26d,control,UC2-Health,3.0,ay,1.0,0.8481067299842835,0.7930872440338135,0.8599044680595398,0.9826508949673959,15
UCR26d,control,UC2-Health,3.0,c,1.0,0.8073485462289107,0.6458592414855957,0.8322699069976807,0.9425625846179264,19
UCR26d,control,UC2-Health,3.0,pr,1.0,0.8077544669310252,0.703510582447052,0.8765736222267151,0.9222344792010566,6
UCR26d,control,UC2-Health,4.0,ay,1.0,0.8351066708564758,0.8228530883789062,0.8614022731781006,0.991551790661418,15
UCR26d,control,UC2-Health,4.0,c,1.0,0.9024056474367778,0.8547512888908386,0.9806017875671387,0.9412275410268699,15
UCR26d,control,UC2-Health,5.0,ay,1.0,0.8858573734760284,0.7842979431152344,0.9053959846496582,0.9694018564988904,14
UCR26d,control,UC2-Health,5.0,c,1.0,0.9394677062829335,0.8798052072525024,0.9770742058753967,0.9651335740590079,30
UCR26d,control,UC2-Health,5.0,pr,1.0,0.9589385219982692,0.8593559861183167,0.9941471815109253,0.9520639421489432,7
UCR26d,control,UC2-Health,6.0,ay,1.0,0.8815397461255391,0.846647322177887,0.9359102249145508,0.9795847728559111,15
UCR26d,control,UC2-Health,6.0,c,1.0,0.9231831312179566,0.79338139295578,0.9328094124794006,0.9640686603159444,15
UCR26d,control,UC2-Health,8.0,ay,1.0,0.8845566272735595,0.8683865070343018,0.9110943675041199,0.9833022934021848,15
UCR26d,control,UC2-Health,8.0,c,1.0,0.9893360177675883,0.986894965171814,0.994178056716919,0.9977325212348644,15
UCR26d,control,UC2-Health,9.0,a,1.0,0.7336229284604391,0.7092767357826233,0.767042338848114,0.9700674310476392,3
UCR26d,control,UC2-Health,9.0,ay,1.0,0.8869601806004842,0.8828372955322266,0.8924760818481445,0.9978868038207189,15
UCR26d,control,UC2-Health,9.0,c,1.0,0.9746262192726135,0.973278284072876,0.9762678146362305,0.9986692391764158,15
UCR26d,control,UC2-Health,9.0,pr,1.0,0.9151779413223267,0.8775209188461304,0.9403083324432373,0.9667847595765594,3
UCR26d,control,UC2-Mobile,1.0,ay,1.0,0.957689893245697,0.9516670107841492,0.9640852212905884,0.9967608105037522,15
UCR26d,control,UC2-Mobile,1.0,c,1.0,0.957591852721046,0.6729439496994019,0.9967862367630005,0.9121079930801527,17
UCR26d,control,UC2-Mobile,1.0,ia,2.0,0.7359112660090129,0.601780116558075,0.8081823587417603,0.9439640892071586,15
UCR26d,control,UC2-Mobile,2.0,c,1.0,0.9169474343458811,0.7081511616706848,0.9968189001083374,0.8810388519124249,18
UCR26d,control,UC2-Mobile,2.0,i,2.0,0.582629938920339,0.5171341896057129,0.6232514381408691,0.9427351429978582,3
UCR26d,control,UC2-Mobile,2.0,ia,2.0,0.7465168316113321,0.4978367388248444,0.8338805437088013,0.9028283525200758,19
UCR26d,control,UC2-Mobile,3.0,c,1.0,0.8994015078795584,0.5689564347267151,0.9968189001083374,0.8560701081869264,19
UCR26d,control,UC2-Mobile,3.0,i,2.0,0.598019411166509,0.4201274216175079,0.7219110727310181,0.8420273137954706,3
UCR26d,control,UC2-Mobile,3.0,ia,2.0,0.7349358995755514,0.5488353967666626,0.8338805437088013,0.9002061413468854,21
UCR26d,control,UC2-Mobile,4.0,ay,1.0,0.9022907654444376,0.90171217918396,0.904320478439331,0.9991613719943941,15
UCR26d,control,UC2-Mobile,4.0,c,1.0,0.9885637243588765,0.9884764552116394,0.9897854924201965,0.9996620080461128,15
UCR26d,control,UC2-Mobile,4.0,ia,2.0,0.6332051396369934,0.5516181588172913,0.7299610376358032,0.9588376932795102,15
UCR26d,control,UC2-Mobile,5.0,ay,3.0,0.6726224886046516,0.6527301073074341,0.6858609318733215,0.9900877949422403,9
UCR26d,control,UC2-Mobile,5.0,c,1.0,0.7453308701515198,0.7453308701515198,0.7453308701515198,,1
UCR26d,control,UC2-Mobile,6.0,c,1.0,0.768933467566967,0.7412735819816589,0.8659578561782837,0.95841718276379,8
UCR26d,control,UC2-Mobile,7.0,ay,3.0,0.6637887805700302,0.5757296681404114,0.6946717500686646,0.9412608444272565,4
UCR26d,control,UC2-Mobile,7.0,c,1.0,0.9135165973143144,0.8064393997192383,0.9903532862663269,0.928759061674752,11
UCR26d,control,UC2-Mobile,8.0,ay,1.0,0.9151455946266651,0.803228497505188,0.9743455648422241,0.9410857288271853,16
UCR26d,control,UC2-Mobile,8.0,c,1.0,0.7459658736532385,0.5775970220565796,0.9677585363388062,0.8756969249233193,22
UCR26d,control,UC2-Mobile,8.0,ia,2.0,0.5089263096451759,0.4251605868339539,0.6350470781326294,0.9231895743586168,8
UCR26d,control,UC2-Mobile,9.0,ay,1.0,0.9703299750884374,0.9632993936538696,0.9748166799545288,0.9960384278500815,12
UCR26d,control,UC2-Mobile,9.0,c,1.0,0.8776635709736083,0.7194983959197998,0.9900612831115723,0.8958301152945657,36
UCR26d,control,UC2-Mobile,9.0,ia,2.0,0.5209936201572418,0.5193998217582703,0.5225874185562134,0.9977460286884859,2
UCR26d,control,UC2-Mobile,10.0,ay,1.0,0.9108967781066895,0.697002649307251,0.9564677476882935,0.9076833157139725,17
UCR26d,control,UC2-Mobile,10.0,c,1.0,0.848013456662496,0.8219419717788696,0.935434103012085,0.9682821972035216,15
UCR26d,control,UC2-Mobile,10.0,i,2.0,0.7519480943679809,0.7130791544914246,0.7876105308532715,0.9701310091014773,35
UCR26d,control,UC2-Mobile,10.0,ia,2.0,0.43435183167457575,0.4311361312866211,0.4416365027427673,0.9954919971111855,8
UCR26d,control,UC3-Health,1.0,ay,2.0,0.9280052525656564,0.7874695062637329,0.9799847602844238,0.9243719532490717,21
UCR26d,control,UC3-Health,1.0,c,1.0,0.5529084615409374,0.4051076173782349,0.7923317551612854,0.9024666865081922,16
UCR26d,control,UC3-Health,1.0,i,2.0,0.4732245206832886,0.4561446309089661,0.4903044104576111,0.9758453882373156,2
UCR26d,control,UC3-Health,1.0,ia,2.0,0.7436485005461652,0.6399726867675781,0.8733384609222412,0.9326835779026866,23
UCR26d,control,UC3-Health,2.0,c,1.0,0.8036331955124351,0.6385315656661987,0.9166117906570435,0.9127343883310419,17
UCR26d,control,UC3-Health,2.0,i,2.0,0.7055285573005676,0.7055285573005676,0.7055285573005676,,1
UCR26d,control,UC3-Health,3.0,c,1.0,0.9410998789887679,0.7671294212341309,0.9922625422477722,0.9248453979222345,19
UCR26d,control,UC3-Health,3.0,i,1.0,0.9275211691856384,0.9275211691856384,0.9275211691856384,,1
UCR26d,control,UC3-Health,3.0,i,2.0,0.645216703414917,0.631121039390564,0.6756753921508789,0.9845137156414697,8
UCR26d,control,UC3-Health,4.0,ay,1.0,0.9660725394884745,0.9558851718902588,0.9684770107269287,0.9969197630661647,15
UCR26d,control,UC3-Health,4.0,c,1.0,0.9892946004867553,0.986461877822876,0.9922925233840942,0.997393231441928,15
UCR26d,control,UC3-Health,4.0,i,1.0,0.9817216396331787,0.9817216396331787,0.9817216396331787,1.0,4
UCR26d,control,UC3-Health,5.0,ay,1.0,0.8264248791862937,0.6753655672073364,0.9739018678665161,0.9396306772821575,17
UCR26d,control,UC3-Health,5.0,c,1.0,0.6785467267036438,0.6254310607910156,0.731662392616272,0.924883104891883,2
UCR26d,control,UC3-Health,5.0,i,2.0,0.5924827166505762,0.4512467682361603,0.9476284384727478,0.9034511862250187,37
UCR26d,control,UC3-Health,6.0,ay,1.0,0.9648364424705506,0.9415175914764404,0.9841000437736511,0.9852461035130687,15
UCR26d,control,UC3-Health,6.0,c,1.0,0.956146660973044,0.7925136685371399,0.9915061593055725,0.9515359088859111,17
UCR26d,control,UC3-Health,6.0,i,2.0,0.8829064766565958,0.7533481121063232,0.9649727940559387,0.9002670898951627,6
UCR26d,control,UC3-Health,7.0,ay,1.0,0.9696217270997854,0.9278545379638672,0.9759131073951721,0.9870675653758698,13
UCR26d,control,UC3-Health,7.0,c,1.0,0.9918339133262635,0.99016273021698,0.9937438368797302,0.9981507244712234,15
UCR26d,control,UC3-Health,7.0,i,1.0,0.9831023812294006,0.9831023812294006,0.9831023812294006,,1
UCR26d,control,UC3-Health,7.0,pr,1.0,0.962956448396047,0.9548019170761108,0.9792655110359192,0.985875937441959,3
UCR26d,control,UC3-Health,8.0,c,1.0,0.8168785572052002,0.7914949059486389,0.8844718933105469,0.9704053449411236,15
UCR26d,control,UC3-Health,8.0,i,2.0,0.8142613848050435,0.7495296597480774,0.9557903409004211,0.9384122150797538,15
UCR26d,control,UC3-Health,9.0,a,3.0,0.7826411883036296,0.6380194425582886,0.881581723690033,0.9366571163289421,15
UCR26d,control,UC3-Health,10.0,ay,1.0,0.9461323181788127,0.9376868009567261,0.9596056938171387,0.9918639094870364,15
UCR26d,control,UC3-Health,10.0,c,1.0,0.9877773682276408,0.984242856502533,0.9902091026306152,0.9970079033913701,15
UCR26d,control,UC3-Health,10.0,i,1.0,0.957613209883372,0.9506032466888428,0.9651239514350891,0.9927267063304039,3
UCR26d,control,UC3-Health,11.0,ay,1.0,0.953095555305481,0.9324077367782593,0.9644792079925537,0.9874103209711422,13
UCR26d,control,UC3-Health,11.0,c,1.0,0.9663150072097778,0.958318293094635,0.980470597743988,0.9924841678997749,15
UCR26d,control,UC3-Health,11.0,pr,1.0,0.9004239823137011,0.7779490947723389,0.9504086375236511,0.9523155627082617,14
UCR26d,control,UC3-Health,12.0,ay,1.0,0.9642035777752216,0.9321909546852112,0.979605495929718,0.9886147734560504,13
UCR26d,control,UC3-Health,12.0,c,1.0,0.983238144715627,0.973252534866333,0.9991711378097534,0.9919648838751558,15
UCR26d,control,UC3-Health,12.0,i,1.0,0.9762929558753968,0.9725457429885864,0.9864266514778137,0.9939575638679528,5
UCR26d,control,UC3-Health,12.0,pr,1.0,0.9204749266306559,0.8726340532302856,0.9398123621940613,0.9702170948285438,6
UCR26d,control,UC3-Health,13.0,ay,1.0,0.9596686124801636,0.9307571649551392,0.980190634727478,0.9867434819111701,15
UCR26d,control,UC3-Health,13.0,c,1.0,0.9665493567784628,0.8637953996658325,0.9880790710449219,0.9701851538153538,15
UCR26d,control,UC3-Health,13.0,pr,1.0,0.9283978939056396,0.9199097156524658,0.9460631608963013,0.989848844723289,5
UCR26d,control,UC3-Health,14.0,ay,1.0,0.7473452274615948,0.7176166772842407,0.7921556234359741,0.9823796632666101,13
UCR26d,control,UC3-Health,14.0,c,1.0,0.7653852025667827,0.6282716393470764,0.8046219944953918,0.9599675799540245,15
UCR26d,control,UC3-Health,14.0,i,2.0,0.8265214376151562,0.69187331199646,0.8757196664810181,0.9465904156698264,16
UCR26d,control,UC3-Health,14.0,pr,1.0,0.7416424711545309,0.6573030948638916,0.8315045833587646,0.9533130603025016,15
UCR26d,treatment,UC1-Health,1.0,ia,2.0,0.9848499059677124,0.8332420587539673,1.0,0.9575304934977754,15
UCR26d,treatment,UC1-Health,2.0,ay,2.0,0.8882093111673991,0.8559373617172241,1.0,0.9420736063406769,15
UCR26d,treatment,UC1-Health,2.0,ia,2.0,0.5965003848075867,0.5164240002632141,0.6605762243270874,0.9478036822524323,30
UCR26d,treatment,UC1-Health,3.0,ay,1.0,0.9866168618202209,0.96275794506073,1.0,0.9873570319329725,15
UCR26d,treatment,UC1-Health,3.0,c,1.0,0.9994987448056539,0.9976221919059753,1.0,0.9990237975031289,15
UCR26d,treatment,UC1-Health,3.0,i,2.0,0.8720471382141113,0.8686184883117676,0.8857617378234863,0.9929020203620501,15
UCR26d,treatment,UC1-Health,3.0,pr,1.0,0.9885654807090759,0.9721176624298096,0.9999998807907104,0.9924816719476837,15
UCR26d,treatment,UC1-Health,4.0,ay,1.0,0.9467431902885437,0.9154728651046753,0.9786995053291321,0.982023103325412,13
UCR26d,treatment,UC1-Health,5.0,ay,1.0,0.9136134068171183,0.8932310938835144,0.9381424188613892,0.9831630485878189,15
UCR26d,treatment,UC1-Health,5.0,c,1.0,0.9172170678774516,0.9068081378936768,0.9559853076934814,0.9840819856125717,15
UCR26d,treatment,UC1-Health,5.0,i,2.0,0.8435765703519186,0.8161675333976746,0.8675857782363892,0.9787448723380061,15
UCR26d,treatment,UC1-Health,5.0,pr,1.0,0.880486375755734,0.849770188331604,0.9295604228973389,0.9704792287054719,9
UCR26d,treatment,UC1-Health,6.0,ay,1.0,0.9208634048700333,0.9082061052322388,0.9339002370834351,0.993169216649889,12
UCR26d,treatment,UC1-Health,6.0,i,2.0,0.9675679206848145,0.9624820947647095,0.97388756275177,0.9951371084205294,5
UCR26d,treatment,UC1-Health,7.0,ay,1.0,0.9110169291496277,0.8450090885162354,0.9343111515045166,0.972808011085638,15
UCR26d,treatment,UC1-Health,7.0,i,2.0,0.8171293203035991,0.729283332824707,0.9574376344680786,0.9246984932931114,75
UCR26d,treatment,UC1-Health,8.0,ay,1.0,0.9939908862113956,0.9764269590377808,1.00000011920929,0.989640337341984,15
UCR26d,treatment,UC1-Health,8.0,c,1.0,0.9995347814900535,0.9995191693305969,0.9997377395629883,0.999941584648246,14
UCR26d,treatment,UC1-Health,8.0,i,2.0,0.9365277330080668,0.9292958378791809,0.9835350513458252,0.9809150771032802,15
UCR26d,treatment,UC1-Health,9.0,a,1.0,0.9961926937103271,0.9961926937103271,0.9961926937103271,,1
UCR26d,treatment,UC1-Health,9.0,ay,1.0,0.9726748943328858,0.9439584016799927,0.9856874942779541,0.9873717192250259,30
UCR26d,treatment,UC1-Health,9.0,c,1.0,0.9582330143010175,0.8988468647003174,1.0,0.9620481961715321,27
UCR26d,treatment,UC1-Health,9.0,i,3.0,0.9778170347213745,0.9777718782424927,0.977828323841095,0.9999766293018568,15
UCR26d,treatment,UC1-Health,9.0,pr,1.0,0.9955411553382874,0.9948294162750244,0.9962528944015503,0.9992760935756502,30
UCR26d,treatment,UC1-Health,10.0,ay,1.0,0.9820785999298096,0.9192066192626953,0.9883347153663635,0.9824517335003102,15
UCR26d,treatment,UC1-Health,10.0,i,1.0,0.9633175134658813,0.9633175134658813,0.9633175134658813,,1
UCR26d,treatment,UC1-Mobile,1.0,ay,1.0,0.9276187419891357,0.8026365041732788,0.9855483770370483,0.9232101376164401,8
UCR26d,treatment,UC1-Mobile,1.0,c,1.0,0.9878467480341594,0.9133627414703369,0.9995071887969971,0.9697575747268663,15
UCR26d,treatment,UC1-Mobile,1.0,i,2.0,0.8576000796424018,0.7719255089759827,0.883976936340332,0.9514958468126471,9
UCR26d,treatment,UC1-Mobile,1.0,ia,2.0,0.7810976306597391,0.7598186135292053,0.9013219475746155,0.9548540159626485,9
UCR26d,treatment,UC1-Mobile,2.0,ay,1.0,0.9219948927561442,0.8342387676239014,0.9754353165626526,0.9524304466552995,15
UCR26d,treatment,UC1-Mobile,2.0,c,1.0,0.9401284654935201,0.8907815217971802,0.9995173811912537,0.9471768447946658,15
UCR26d,treatment,UC1-Mobile,2.0,ia,2.0,0.5540954735543993,0.4342000484466553,0.6795098185539246,0.9071361881454052,9
UCR26d,treatment,UC1-Mobile,3.0,ay,1.0,0.8776915222406387,0.8441155552864075,0.912742018699646,0.9764122126764804,16
UCR26d,treatment,UC1-Mobile,3.0,c,1.0,0.8721153736114502,0.7659223079681396,0.9259839057922363,0.9590961842880841,35
UCR26d,treatment,UC1-Mobile,3.0,i,2.0,0.8570455312728882,0.8398025631904602,0.9014177322387695,0.9791953537435923,14
UCR26d,treatment,UC1-Mobile,3.0,ia,2.0,0.8280202932655811,0.7601680159568787,0.9024895429611206,0.9332655484361738,16
UCR26d,treatment,UC1-Mobile,4.0,ay,1.0,0.9227269813418388,0.890045166015625,0.9502159357070923,0.9843575338231294,16
UCR26d,treatment,UC1-Mobile,4.0,c,1.0,0.8775359453299106,0.8108053207397461,0.9183060526847839,0.9667971969841678,39
UCR26d,treatment,UC1-Mobile,4.0,i,2.0,0.9279051721096039,0.8991845846176147,0.9467443227767944,0.9850805206059114,10
UCR26d,treatment,UC1-Mobile,4.0,ia,2.0,0.7977976083755494,0.7714163064956665,0.9024895429611206,0.9465299604216176,15
UCR26d,treatment,UC1-Mobile,5.0,ay,1.0,0.9836314598719279,0.9347660541534424,0.9966532588005066,0.9850514757727892,15
UCR26d,treatment,UC1-Mobile,5.0,c,1.0,0.986886469523112,0.9606293439865112,1.0,0.982119378172375,15
UCR26d,treatment,UC1-Mobile,5.0,i,2.0,0.9758401896272387,0.9756349325180054,0.976233184337616,0.9997851155159408,14
UCR26d,treatment,UC1-Mobile,5.0,ia,2.0,0.8317420522371928,0.7981590032577515,0.9835222959518433,0.9411112296363727,15
UCR26d,treatment,UC1-Mobile,6.0,ay,3.0,0.7297969534993172,0.6523162126541138,0.8138482570648193,0.9245346257226986,8
UCR26d,treatment,UC1-Mobile,6.0,c,1.0,0.8393410762151082,0.7921558022499084,0.9630249738693237,0.934282753157259,15
UCR26d,treatment,UC1-Mobile,6.0,i,1.0,0.8263929883639017,0.7382116317749023,0.9718304872512817,0.8852783056466772,6
UCR26d,treatment,UC1-Mobile,7.0,ay,3.0,0.679410308599472,0.5459264516830444,0.8128941655158997,0.8112253191909184,2
UCR26d,treatment,UC1-Mobile,7.0,c,1.0,0.9952130397160848,0.9882864952087402,1.0,0.9948138303011144,15
UCR26d,treatment,UC1-Mobile,8.0,ay,1.0,0.9929210444291433,0.9876435399055481,0.997215986251831,0.9969491005712366,6
UCR26d,treatment,UC1-Mobile,8.0,c,1.0,0.9887145042419434,0.962750256061554,0.9982699155807495,0.9840864961068371,15
UCR26d,treatment,UC1-Mobile,9.0,ay,1.0,0.9745613196316887,0.8580509424209595,0.9965642094612122,0.9589869631194755,17
UCR26d,treatment,UC1-Mobile,9.0,c,1.0,0.9440190037091575,0.8937700986862183,1.00000011920929,0.9508389184343001,15
UCR26d,treatment,UC2-Health,1.0,c,1.0,0.99997851451238,0.999674379825592,1.000000238418579,0.9999158636730762,15
UCR26d,treatment,UC2-Health,1.0,pr,1.0,0.9994439631700516,0.998725414276123,1.0,0.9994069658525282,12
UCR26d,treatment,UC2-Health,2.0,ay,1.0,0.9350864052772522,0.900236964225769,0.9606152772903442,0.9745231065611244,15
UCR26d,treatment,UC2-Health,3.0,ay,1.0,0.9444116512934367,0.9436742067337036,0.9444643259048462,0.999795992107243,15
UCR26d,treatment,UC2-Health,3.0,c,1.0,0.9276474912961324,0.925679087638855,0.9287831783294678,0.9992553354465732,15
UCR26d,treatment,UC2-Health,3.0,pr,1.0,0.9204544961452484,0.9110715389251709,0.9214970469474792,0.9967031648885148,10
UCR26d,treatment,UC2-Health,4.0,c,1.0,0.973909858862559,0.9736382961273193,0.9739516377449036,0.999889745808803,15
UCR26d,treatment,UC2-Health,5.0,ay,1.0,0.8880715668201447,0.8640210032463074,0.9382247924804688,0.9793018961232535,14
UCR26d,treatment,UC2-Health,5.0,c,1.0,0.8930368917744335,0.6576387882232666,0.9959388971328735,0.8823366189533737,41
UCR26d,treatment,UC2-Health,5.0,pr,1.0,0.9881458282470703,0.9680745601654053,0.9936094284057617,0.9887709679465118,5
UCR26d,treatment,UC2-Health,6.0,ay,1.0,0.9928873459498088,0.9913676977157593,0.9970663785934448,0.9973914988751879,15
UCR26d,treatment,UC2-Health,6.0,c,1.0,0.9723047812779747,0.9391376376152039,1.00000011920929,0.9693468944779452,15
UCR26d,treatment,UC2-Health,8.0,ay,1.0,0.9939984202384948,0.9682062864303589,0.9999998807907104,0.9912422929282056,15
UCR26d,treatment,UC2-Health,8.0,c,1.0,0.9919598340988159,0.986818790435791,0.9963697195053101,0.9960731107809274,15
UCR26d,treatment,UC2-Health,8.0,pr,1.0,0.9747212065590752,0.8940335512161255,1.0,0.9632188448985624,9
UCR26d,treatment,UC2-Health,9.0,ay,1.0,0.9858765204747519,0.9629153609275818,1.00000011920929,0.9849520251507468,15
UCR26d,treatment,UC2-Health,9.0,c,1.0,0.9966920177141826,0.9796316623687744,0.9999999403953552,0.992901099237248,15
UCR26d,treatment,UC2-Health,9.0,pr,1.0,0.9992376153285687,0.9978883862495422,0.9999999403953552,0.999387201950539,13
UCR26d,treatment,UC2-Mobile,1.0,ay,1.0,0.9893020470937093,0.9801165461540222,1.00000011920929,0.9921292807460427,15
UCR26d,treatment,UC2-Mobile,1.0,c,1.0,0.9996236880620321,0.999336838722229,1.0,0.9997169149592711,15
UCR26d,treatment,UC2-Mobile,1.0,ia,2.0,0.903948450088501,0.7172901630401611,0.9466192722320557,0.9329852857927544,15
UCR26d,treatment,UC2-Mobile,2.0,c,1.0,0.9828220500665552,0.8637963533401489,0.9994807243347168,0.9554817553700421,17
UCR26d,treatment,UC2-Mobile,2.0,ia,2.0,0.9524785280227661,0.9524785280227661,0.9524785280227661,1.0,15
UCR26d,treatment,UC2-Mobile,3.0,c,1.0,0.9736513495445251,0.8382916450500488,0.9994807243347168,0.9423855848001186,18
UCR26d,treatment,UC2-Mobile,3.0,ia,2.0,0.9524785280227661,0.9524785280227661,0.9524785280227661,1.0,15
UCR26d,treatment,UC2-Mobile,4.0,ay,1.0,0.8811168803109063,0.8686826229095459,0.892667829990387,0.9920313868471947,18
UCR26d,treatment,UC2-Mobile,4.0,c,1.0,0.8690045024409438,0.6420345306396484,0.9925417304039001,0.8870167029115816,33
UCR26d,treatment,UC2-Mobile,4.0,ia,2.0,0.8615191459655762,0.765124499797821,0.9305697083473206,0.9345368496256852,5
UCR26d,treatment,UC2-Mobile,5.0,ay,3.0,0.6681681275367737,0.6601707935333252,0.6761654615402222,0.9886900617894956,2
UCR26d,treatment,UC2-Mobile,5.0,c,1.0,0.8632305264472961,0.7922682762145996,0.9630249738693237,0.9270149527099875,15
UCR26d,treatment,UC2-Mobile,5.0,i,1.0,0.845318003134294,0.740902304649353,0.9718304872512817,0.894825247970905,11
UCR26d,treatment,UC2-Mobile,6.0,ay,3.0,0.672442098458608,0.6619777083396912,0.6919589042663574,0.9830832124902258,3
UCR26d,treatment,UC2-Mobile,6.0,c,1.0,0.839368912908766,0.6400898694992065,1.00000011920929,0.8456641596246126,18
UCR26d,treatment,UC2-Mobile,6.0,i,1.0,0.9027841091156006,0.9027841091156006,0.9027841091156006,,1
UCR26d,treatment,UC2-Mobile,7.0,ay,3.0,0.7929776906967163,0.7929776906967163,0.7929776906967163,,1
UCR26d,treatment,UC2-Mobile,7.0,c,1.0,0.9992950201034546,0.9932712912559509,1.0,0.9982666369032434,15
UCR26d,treatment,UC2-Mobile,7.0,i,1.0,0.9794159802523527,0.9155623912811279,0.9858013391494751,0.9788221603864872,11
UCR26d,treatment,UC2-Mobile,8.0,ay,1.0,0.9131874392429987,0.78891521692276,0.9720655083656311,0.9349528371285422,12
UCR26d,treatment,UC2-Mobile,8.0,c,1.0,0.787673736612002,0.6628137826919556,0.9358049035072327,0.918164386196676,24
UCR26d,treatment,UC2-Mobile,8.0,ia,2.0,0.6068218946456909,0.6068218946456909,0.6068218946456909,,1
UCR26d,treatment,UC2-Mobile,9.0,ay,1.0,0.9789692461490631,0.9749648571014404,0.9857174158096313,0.995333199117221,4
UCR26d,treatment,UC2-Mobile,9.0,c,1.0,0.9974214315414429,0.9968420267105103,0.9981803297996521,0.9994739429307069,15
UCR26d,treatment,UC2-Mobile,10.0,ay,1.0,0.9911524176597595,0.9706282615661621,1.0,0.9897377133022542,15
UCR26d,treatment,UC2-Mobile,10.0,c,1.0,0.8720661918322246,0.7596982717514038,0.999629557132721,0.8816504359880546,15
UCR26d,treatment,UC2-Mobile,10.0,i,2.0,0.9319406906763713,0.8356642723083496,0.9982993602752686,0.9370413274774724,15
UCR26d,treatment,UC3-Health,1.0,ay,2.0,0.9998651742935181,0.9993258714675903,1.0,0.9997208842703285,15
UCR26d,treatment,UC3-Health,1.0,c,1.0,0.6127460412681103,0.5984225869178772,0.6467061042785645,0.9895392393058974,16
UCR26d,treatment,UC3-Health,1.0,i,2.0,0.6809319019317627,0.5345655679702759,0.9589846134185791,0.8853586437553429,10
UCR26d,treatment,UC3-Health,1.0,ia,2.0,0.989238440990448,0.989238440990448,0.989238440990448,1.0,15
UCR26d,treatment,UC3-Health,2.0,c,1.0,0.9797771692276,0.9797171354293823,0.9798672199249268,0.9999238932700131,15
UCR26d,treatment,UC3-Health,2.0,i,1.0,0.9658365805943807,0.9556869268417358,0.9665615558624268,0.9971921828604453,15
UCR26d,treatment,UC3-Health,3.0,c,1.0,0.9999877452850342,0.9998128414154053,1.000000238418579,0.9999516143018385,15
UCR26d,treatment,UC3-Health,3.0,i,1.0,1.00000011920929,1.00000011920929,1.00000011920929,1.0,15
UCR26d,treatment,UC3-Health,4.0,ay,1.0,0.9847836414972941,0.9801217317581177,0.9904781579971313,0.9950152010282935,15
UCR26d,treatment,UC3-Health,4.0,c,1.0,0.9866827766100565,0.9865013957023621,0.9878617525100708,0.9995213369972056,15
UCR26d,treatment,UC3-Health,4.0,i,1.0,0.9757967591285706,0.9757967591285706,0.9757967591285706,1.0,15
UCR26d,treatment,UC3-Health,4.0,pr,1.0,0.9738570560108532,0.9737535119056702,0.9748924970626831,0.999656583053855,11
UCR26d,treatment,UC3-Health,5.0,ay,1.0,0.8464337918493483,0.6707220673561096,1.0,0.9067885443351298,18
UCR26d,treatment,UC3-Health,5.0,c,1.0,0.7971099239808543,0.6183679103851318,1.00000011920929,0.8586910246800232,27
UCR26d,treatment,UC3-Health,5.0,i,2.0,0.7844424992799759,0.6018686294555664,0.9838823080062866,0.8595817365908287,20
UCR26d,treatment,UC3-Health,6.0,ay,1.0,0.9589350035316065,0.8948503136634827,0.9881063103675842,0.966066589748664,19
UCR26d,treatment,UC3-Health,6.0,c,1.0,0.9788133104642233,0.9585291147232056,0.9928773641586304,0.9854901679265307,15
UCR26d,treatment,UC3-Health,6.0,i,2.0,0.971174422899882,0.9611096382141113,0.9788722991943359,0.9940709356545703,15
UCR26d,treatment,UC3-Health,7.0,ay,1.0,0.9974112192789714,0.983680009841919,1.0,0.9945279667012711,15
UCR26d,treatment,UC3-Health,7.0,c,1.0,0.9999634106953939,0.9997255802154541,1.0,0.9999034410697601,15
UCR26d,treatment,UC3-Health,7.0,i,1.0,0.980005164941152,0.9772951006889343,0.9831023812294006,0.9970011332240026,15
UCR26d,treatment,UC3-Health,7.0,pr,1.0,0.9994488557179769,0.9991733431816101,0.9999998807907104,0.9995966909434921,15
UCR26d,treatment,UC3-Health,8.0,c,1.0,0.7931371927261353,0.7900193929672241,0.7960516810417175,0.9980236019780204,15
UCR26d,treatment,UC3-Health,8.0,i,2.0,0.7823570251464844,0.7666172981262207,0.8033469915390015,0.9830161421835552,15
UCR26d,treatment,UC3-Health,9.0,a,3.0,0.7790982683499654,0.6929469108581543,0.8906201124191284,0.9524772694416695,15
UCR26d,treatment,UC3-Health,9.0,i,1.0,0.9348532557487488,0.8719156980514526,0.9977908134460449,0.9109928523218446,2
UCR26d,treatment,UC3-Health,10.0,ay,1.0,0.9987351179122925,0.9936755895614624,1.0,0.9973814453039319,15
UCR26d,treatment,UC3-Health,10.0,c,1.0,0.9997038125991822,0.9981354475021362,1.00000011920929,0.9995587378500254,15
UCR26d,treatment,UC3-Health,10.0,i,1.0,0.9765763203303021,0.9670542478561401,1.00000011920929,0.9851105902996617,15
UCR26d,treatment,UC3-Health,10.0,pr,1.0,0.9993482033411664,0.9990222454071045,1.00000011920929,0.9994950281399257,6
UCR26d,treatment,UC3-Health,11.0,ay,1.0,0.9879650513331095,0.9668617844581604,0.9941934943199158,0.9921067808467275,15
UCR26d,treatment,UC3-Health,11.0,c,1.0,0.9809456268946329,0.9693523049354553,0.9916641116142273,0.9895788337179563,15
UCR26d,treatment,UC3-Health,11.0,i,1.0,0.9750880002975464,0.9750880002975464,0.9750880002975464,1.0,2
UCR26d,treatment,UC3-Health,11.0,pr,1.0,0.9906631112098694,0.9906631112098694,0.9906631112098694,,1
UCR26d,treatment,UC3-Health,12.0,ay,1.0,0.9992473920186365,0.9887092113494873,1.00000011920929,0.9970847001263614,15
UCR26d,treatment,UC3-Health,12.0,c,1.0,1.00000011920929,1.00000011920929,1.00000011920929,1.0,15
UCR26d,treatment,UC3-Health,12.0,i,1.0,0.984918749332428,0.9839134812355042,0.9864266514778137,0.998725590086113,15
UCR26d,treatment,UC3-Health,12.0,pr,1.0,0.999174177646637,0.999174177646637,0.999174177646637,1.0,11
UCR26d,treatment,UC3-Health,13.0,ay,1.0,0.9988022089004517,0.9940112829208374,0.9999999403953552,0.9975204602380823,15
UCR26d,treatment,UC3-Health,13.0,c,1.0,0.999656081199646,0.999656081199646,0.999656081199646,1.0,15
UCR26d,treatment,UC3-Health,13.0,i,1.0,0.9813445528348287,0.9413252472877502,0.9863417148590088,0.988872799075849,15
UCR26d,treatment,UC3-Health,13.0,pr,1.0,0.9990066885948181,0.9990066885948181,0.9990066885948181,1.0,13
UCR26d,treatment,UC3-Health,14.0,ay,1.0,0.8760331533849239,0.8096084594726562,0.9933878779411316,0.947245582910958,16
UCR26d,treatment,UC3-Health,14.0,c,1.0,0.6820334531366825,0.6597803235054016,0.8011178374290466,0.9679701029333511,16
UCR26d,treatment,UC3-Health,14.0,i,2.0,0.8449194468557835,0.6878952980041504,0.9304251670837402,0.9300163350129275,16
UCR26d,treatment,UC3-Health,14.0,pr,1.0,0.8813582579294841,0.7968136072158813,0.9996967315673828,0.9384396516995985,15
